Time	Open	High	Low	Close	Volume
2019-01-16 00:00:00	0.54	0.54	0.47	0.49	1343674
2019-01-17 00:00:00	0.49	0.5	0.46	0.48	1411753
2019-01-18 00:00:00	0.48	0.51	0.46	0.49	984441
2019-01-19 00:00:00	0.49	0.5	0.47	0.48	735469
2019-01-20 00:00:00	0.48	0.49	0.46	0.48	677522
2019-01-21 00:00:00	0.48	0.52	0.47	0.5	897816
2019-01-22 00:00:00	0.5	0.57	0.5	0.53	1784978
2019-01-23 00:00:00	0.53	0.55	0.49	0.5	1827091
2019-01-24 00:00:00	0.5	0.51	0.45	0.5	1529244
2019-01-25 00:00:00	0.5	0.52	0.47	0.47	1112891
2019-01-26 00:00:00	0.47	0.49	0.46	0.47	865678
2019-01-27 00:00:00	0.47	0.47	0.42	0.43	2278942
2019-01-28 00:00:00	0.43	0.43	0.35	0.41	4006236
2019-01-29 00:00:00	0.41	0.46	0.41	0.45	5190850
2019-01-30 00:00:00	0.45	0.45	0.41	0.42	2092394
2019-01-31 00:00:00	0.43	0.44	0.38	0.38	2029056
2019-02-01 00:00:00	0.39	0.43	0.38	0.41	1899253
2019-02-02 00:00:00	0.42	0.43	0.4	0.41	821059
2019-02-03 00:00:00	0.42	0.42	0.39	0.4	1065195
2019-02-04 00:00:00	0.4	0.41	0.39	0.39	1449408
2019-02-05 00:00:00	0.39	0.43	0.39	0.42	1299130
2019-02-06 00:00:00	0.42	0.42	0.39	0.4	1368572
2019-02-07 00:00:00	0.4	0.41	0.39	0.4	498863
2019-02-08 00:00:00	0.4	0.45	0.4	0.44	2015994
2019-02-09 00:00:00	0.44	0.48	0.43	0.46	1384846
2019-02-10 00:00:00	0.46	0.48	0.43	0.45	2000875
2019-02-11 00:00:00	0.45	0.45	0.42	0.43	1580221
2019-02-12 00:00:00	0.43	0.44	0.42	0.43	941328
2019-02-13 00:00:00	0.43	0.45	0.42	0.44	935403
2019-02-14 00:00:00	0.44	0.44	0.42	0.43	942078
2019-02-15 00:00:00	0.42	0.45	0.42	0.43	612276
2019-02-16 00:00:00	0.44	0.45	0.43	0.44	465516
2019-02-17 00:00:00	0.44	0.48	0.43	0.46	1616533
2019-02-18 00:00:00	0.46	0.48	0.45	0.47	1430280
2019-02-19 00:00:00	0.47	0.48	0.45	0.46	1548027
2019-02-20 00:00:00	0.45	0.47	0.44	0.46	1358809
2019-02-21 00:00:00	0.46	0.48	0.44	0.44	1443240
2019-02-22 00:00:00	0.44	0.47	0.44	0.45	700550
2019-02-23 00:00:00	0.45	0.46	0.44	0.46	925554
2019-02-24 00:00:00	0.46	0.46	0.4	0.41	2154220
2019-02-25 00:00:00	0.4	0.47	0.4	0.47	1785379
2019-02-26 00:00:00	0.47	0.47	0.43	0.43	1775551
2019-02-27 00:00:00	0.43	0.44	0.41	0.43	854239
2019-02-28 00:00:00	0.43	0.45	0.42	0.42	1059993
2019-03-01 00:00:00	0.42	0.44	0.42	0.43	560713
2019-03-02 00:00:00	0.43	0.44	0.42	0.42	331595
2019-03-03 00:00:00	0.42	0.43	0.42	0.42	225453
2019-03-04 00:00:00	0.42	0.43	0.39	0.4	946405
2019-03-05 00:00:00	0.4	0.43	0.4	0.43	1686203
2019-03-06 00:00:00	0.43	0.44	0.42	0.43	716352
2019-03-07 00:00:00	0.43	0.48	0.43	0.45	1498788
2019-03-08 00:00:00	0.45	0.51	0.45	0.46	3248304
2019-03-09 00:00:00	0.46	0.48	0.45	0.47	1381712
2019-03-10 00:00:00	0.47	0.55	0.47	0.5	2888017
2019-03-11 00:00:00	0.5	0.52	0.44	0.46	2633077
2019-03-12 00:00:00	0.46	0.51	0.45	0.49	2105201
2019-03-13 00:00:00	0.49	0.49	0.47	0.48	1263378
2019-03-14 00:00:00	0.48	0.5	0.47	0.49	1720817
2019-03-15 00:00:00	0.49	0.5	0.48	0.49	577917
2019-03-16 00:00:00	0.49	0.5	0.47	0.48	1768540
2019-03-17 00:00:00	0.48	0.49	0.47	0.48	1352152
2019-03-18 00:00:00	0.48	0.48	0.47	0.48	891849
2019-03-19 00:00:00	0.48	0.48	0.46	0.48	530758
2019-03-20 00:00:00	0.48	0.49	0.47	0.48	696169
2019-03-21 00:00:00	0.48	0.48	0.43	0.45	1044013
2019-03-22 00:00:00	0.46	0.47	0.45	0.46	863601
2019-03-23 00:00:00	0.46	0.46	0.45	0.46	406772
2019-03-24 00:00:00	0.46	0.46	0.45	0.45	634196
2019-03-25 00:00:00	0.45	0.49	0.44	0.47	2441540
2019-03-26 00:00:00	0.47	0.49	0.45	0.46	1129745
2019-03-27 00:00:00	0.46	0.5	0.46	0.49	1352759
2019-03-28 00:00:00	0.5	0.52	0.48	0.5	1443902
2019-03-29 00:00:00	0.5	0.5	0.49	0.5	877825
2019-03-30 00:00:00	0.5	0.5	0.49	0.49	675028
2019-03-31 00:00:00	0.49	0.54	0.49	0.51	2047038
2019-04-01 00:00:00	0.51	0.56	0.5	0.55	2288646
2019-04-02 00:00:00	0.55	0.6	0.53	0.58	4081969
2019-04-03 00:00:00	0.58	0.61	0.52	0.56	4435515
2019-04-04 00:00:00	0.56	0.58	0.52	0.54	2088060
2019-04-05 00:00:00	0.54	0.58	0.54	0.57	1039373
2019-04-06 00:00:00	0.57	0.59	0.56	0.57	1176172
2019-04-07 00:00:00	0.57	0.59	0.57	0.58	956669
2019-04-08 00:00:00	0.58	0.59	0.54	0.56	1559226
2019-04-09 00:00:00	0.56	0.56	0.52	0.53	1284474
2019-04-10 00:00:00	0.53	0.55	0.51	0.52	1259743
2019-04-11 00:00:00	0.52	0.52	0.45	0.48	1891777
2019-04-12 00:00:00	0.48	0.51	0.45	0.49	1247821
2019-04-13 00:00:00	0.49	0.54	0.49	0.54	984769
2019-04-14 00:00:00	0.54	0.54	0.51	0.52	825034
2019-04-15 00:00:00	0.53	0.53	0.48	0.49	1617806
2019-04-16 00:00:00	0.49	0.52	0.49	0.5	752266
2019-04-17 00:00:00	0.5	0.5	0.49	0.5	625964
2019-04-18 00:00:00	0.5	0.52	0.5	0.52	748020
2019-04-19 00:00:00	0.52	0.54	0.51	0.51	857108
2019-04-20 00:00:00	0.51	0.53	0.51	0.51	547979
2019-04-21 00:00:00	0.51	0.51	0.48	0.5	755663
2019-04-22 00:00:00	0.5	0.52	0.48	0.5	669355
2019-04-23 00:00:00	0.49	0.5	0.48	0.48	798714
2019-04-24 00:00:00	0.48	0.48	0.44	0.48	1341190
2019-04-25 00:00:00	0.47	0.5	0.44	0.45	1289970
2019-04-26 00:00:00	0.45	0.47	0.43	0.44	881967
2019-04-27 00:00:00	0.44	0.47	0.44	0.44	330490
2019-04-28 00:00:00	0.44	0.46	0.44	0.45	429380
2019-04-29 00:00:00	0.45	0.45	0.42	0.43	394970
2019-04-30 00:00:00	0.43	0.48	0.43	0.47	610172
2019-05-01 00:00:00	0.48	0.49	0.46	0.47	397498
2019-05-02 00:00:00	0.47	0.48	0.46	0.46	228292
2019-05-03 00:00:00	0.46	0.52	0.46	0.51	1017257
2019-05-04 00:00:00	0.51	0.52	0.48	0.5	641007
2019-05-05 00:00:00	0.5	0.52	0.49	0.51	641798
2019-05-06 00:00:00	0.51	0.59	0.49	0.57	1593794
2019-05-07 00:00:00	0.58	0.62	0.54	0.54	2267696
2019-05-08 00:00:00	0.54	0.62	0.52	0.59	1255650
2019-05-09 00:00:00	0.59	0.7	0.59	0.64	3548052
2019-05-10 00:00:00	0.64	0.72	0.64	0.67	2987684
2019-05-11 00:00:00	0.67	0.75	0.65	0.68	3014350
2019-05-12 00:00:00	0.68	0.7	0.63	0.66	1760822
2019-05-13 00:00:00	0.66	0.69	0.63	0.65	1281886
2019-05-14 00:00:00	0.65	0.96	0.63	0.83	7911036
2019-05-15 00:00:00	0.83	0.89	0.78	0.84	3798340
2019-05-16 00:00:00	0.84	0.94	0.76	0.93	4555554
2019-05-17 00:00:00	0.93	0.99	0.81	0.89	5725668
2019-05-18 00:00:00	0.9	0.96	0.85	0.94	2389390
2019-05-19 00:00:00	0.94	1.05	0.93	0.99	4785628
2019-05-20 00:00:00	0.99	1.14	0.95	1.12	2936494
2019-05-21 00:00:00	1.11	1.25	1.06	1.18	5047015
2019-05-22 00:00:00	1.19	1.47	1.13	1.22	14821385
2019-05-23 00:00:00	1.22	1.37	1.14	1.34	6874643
2019-05-24 00:00:00	1.34	1.43	1.22	1.33	5097965
2019-05-25 00:00:00	1.33	1.34	1.1	1.11	6245489
2019-05-26 00:00:00	1.11	1.18	1.03	1.08	4854628
2019-05-27 00:00:00	1.08	1.27	1.08	1.21	7339217
2019-05-28 00:00:00	1.22	1.35	1.14	1.28	5580255
2019-05-29 00:00:00	1.28	1.28	1.14	1.17	4654413
2019-05-30 00:00:00	1.17	1.23	0.9	1	10326698
2019-05-31 00:00:00	1	1.04	0.93	1.02	7748576
2019-06-01 00:00:00	1.02	1.06	0.95	0.96	3797927
2019-06-02 00:00:00	0.95	1.06	0.93	1.02	3449133
2019-06-03 00:00:00	1.02	1.02	0.89	0.9	3308519
2019-06-04 00:00:00	0.9	0.93	0.84	0.89	4577443
2019-06-05 00:00:00	0.89	1.1	0.88	1.1	10134627
2019-06-06 00:00:00	1.1	1.27	1.06	1.11	11128260
2019-06-07 00:00:00	1.11	1.26	1.07	1.18	6340141
2019-06-08 00:00:00	1.17	1.2	1.12	1.13	2537101
2019-06-09 00:00:00	1.14	1.15	1.01	1.06	3545003
2019-06-10 00:00:00	1.06	1.21	1.03	1.21	3561021
2019-06-11 00:00:00	1.2	1.21	1.09	1.12	3072222
2019-06-12 00:00:00	1.12	1.16	1.09	1.14	2552400
2019-06-13 00:00:00	1.14	1.97	1.11	1.87	34048067
2019-06-14 00:00:00	1.87	1.89	1.49	1.64	33219647
2019-06-15 00:00:00	1.64	1.81	1.6	1.72	10734664
2019-06-16 00:00:00	1.72	1.79	1.6	1.66	8287196
2019-06-17 00:00:00	1.67	2.08	1.65	1.96	17066501
2019-06-18 00:00:00	1.96	2.02	1.76	1.82	13903696
2019-06-19 00:00:00	1.82	1.9	1.79	1.84	4857817
2019-06-20 00:00:00	1.84	1.89	1.69	1.77	5377050
2019-06-21 00:00:00	1.77	1.79	1.61	1.69	6940461
2019-06-22 00:00:00	1.69	1.95	1.68	1.84	8447748
2019-06-23 00:00:00	1.84	1.91	1.77	1.82	4603389
2019-06-24 00:00:00	1.82	1.89	1.79	1.87	2384512
2019-06-25 00:00:00	1.87	2.43	1.86	2.19	22004643
2019-06-26 00:00:00	2.19	2.5	2.02	2.28	16314884
2019-06-27 00:00:00	2.28	2.56	2.11	2.29	14032454
2019-06-28 00:00:00	2.29	3.1	2.22	3.04	16193971
2019-06-29 00:00:00	3.04	4.58	2.95	3.71	55522607
2019-06-30 00:00:00	3.71	4.22	3.23	3.39	25198086
2019-07-01 00:00:00	3.39	3.86	2.93	3.64	25318779
2019-07-02 00:00:00	3.65	3.99	3.2	3.75	26694308
2019-07-03 00:00:00	3.74	3.89	3.48	3.49	11110646
2019-07-04 00:00:00	3.49	3.61	3.2	3.45	9880459
2019-07-05 00:00:00	3.46	3.75	3.44	3.64	10535852
2019-07-06 00:00:00	3.64	3.66	3.44	3.46	4979224
2019-07-07 00:00:00	3.47	3.5	3.25	3.28	5553697
2019-07-08 00:00:00	3.28	3.57	3.25	3.34	5283842
2019-07-09 00:00:00	3.33	3.37	2.94	3.07	9165630
2019-07-10 00:00:00	3.07	3.26	2.86	3.12	9566113
2019-07-11 00:00:00	3.12	3.16	2.71	2.79	7302221
2019-07-12 00:00:00	2.79	3.33	2.6	3.17	11732690
2019-07-13 00:00:00	3.17	3.3	3.04	3.17	9070021
2019-07-14 00:00:00	3.17	3.24	2.76	2.79	8270866
2019-07-15 00:00:00	2.78	2.85	2.58	2.69	7328981
2019-07-16 00:00:00	2.69	2.77	2.15	2.19	8049038
2019-07-17 00:00:00	2.19	2.6	2.05	2.4	13229091
2019-07-18 00:00:00	2.4	2.81	2.35	2.67	13388905
2019-07-19 00:00:00	2.67	2.75	2.49	2.6	5548253
2019-07-20 00:00:00	2.6	2.73	2.58	2.64	4607872
2019-07-21 00:00:00	2.64	2.67	2.46	2.53	3349456
2019-07-22 00:00:00	2.53	2.59	2.37	2.41	3419097
2019-07-23 00:00:00	2.41	2.52	2.25	2.35	5670585
2019-07-24 00:00:00	2.36	2.51	2.27	2.4	5323047
2019-07-25 00:00:00	2.4	2.51	2.36	2.36	4029755
2019-07-26 00:00:00	2.36	2.43	2.32	2.4	1979289
2019-07-27 00:00:00	2.4	2.46	2.15	2.25	4296994
2019-07-28 00:00:00	2.24	2.27	2.1	2.22	1921328
2019-07-29 00:00:00	2.22	2.25	2.11	2.13	2228181
2019-07-30 00:00:00	2.13	2.19	1.97	2.07	4818399
2019-07-31 00:00:00	2.07	2.25	2.06	2.21	4592048
2019-08-01 00:00:00	2.22	2.23	2.11	2.16	2890565
2019-08-02 00:00:00	2.16	2.49	2.13	2.43	6325821
2019-08-03 00:00:00	2.43	2.73	2.36	2.42	11329690
2019-08-04 00:00:00	2.42	2.6	2.38	2.51	6257667
2019-08-05 00:00:00	2.51	2.65	2.46	2.46	5401210
2019-08-06 00:00:00	2.46	2.52	2.31	2.48	6060865
2019-08-07 00:00:00	2.48	2.5	2.35	2.38	3394568
2019-08-08 00:00:00	2.39	2.4	2.27	2.28	2864238
2019-08-09 00:00:00	2.28	2.29	2.15	2.17	2369016
2019-08-10 00:00:00	2.17	2.41	2.13	2.33	5262509
2019-08-11 00:00:00	2.33	2.49	2.29	2.42	3709106
2019-08-12 00:00:00	2.42	2.48	2.34	2.39	2574697
2019-08-13 00:00:00	2.39	2.47	2.31	2.42	3152790
2019-08-14 00:00:00	2.42	2.6	2.16	2.28	6940649
2019-08-15 00:00:00	2.28	2.45	2.26	2.42	2808358
2019-08-16 00:00:00	2.42	2.46	2.23	2.3	3572508
2019-08-17 00:00:00	2.3	2.42	2.28	2.4	2035437
2019-08-18 00:00:00	2.4	2.57	2.37	2.51	3610592
2019-08-19 00:00:00	2.51	2.6	2.45	2.5	4288745
2019-08-20 00:00:00	2.49	2.54	2.34	2.36	3477416
2019-08-21 00:00:00	2.36	2.37	2.15	2.21	4952719
2019-08-22 00:00:00	2.21	2.29	2.13	2.22	2981159
2019-08-23 00:00:00	2.22	2.3	2.17	2.23	4173160
2019-08-24 00:00:00	2.23	2.25	2.15	2.17	1634170
2019-08-25 00:00:00	2.17	2.18	2.03	2.08	2772698
2019-08-26 00:00:00	2.08	2.15	2.05	2.07	2291339
2019-08-27 00:00:00	2.07	2.18	2.01	2.11	3009092
2019-08-28 00:00:00	2.11	2.11	1.88	1.9	3217250
2019-08-29 00:00:00	1.9	1.9	1.73	1.77	4211099
2019-08-30 00:00:00	1.78	1.89	1.74	1.8	2660546
2019-08-31 00:00:00	1.8	1.85	1.74	1.78	1831994
2019-09-01 00:00:00	1.78	1.8	1.72	1.77	1332725
2019-09-02 00:00:00	1.77	1.89	1.73	1.83	3044410
2019-09-03 00:00:00	1.83	1.94	1.81	1.85	3208779
2019-09-04 00:00:00	1.85	1.87	1.72	1.78	3579417
2019-09-05 00:00:00	1.78	1.86	1.77	1.79	2744241
2019-09-06 00:00:00	1.79	1.86	1.68	1.72	3184072
2019-09-07 00:00:00	1.72	1.81	1.71	1.77	2404206
2019-09-08 00:00:00	1.77	1.91	1.76	1.83	3504746
2019-09-09 00:00:00	1.83	1.87	1.76	1.79	3483214
2019-09-10 00:00:00	1.79	1.83	1.77	1.8	2713396
2019-09-11 00:00:00	1.8	1.83	1.71	1.73	2229752
2019-09-12 00:00:00	1.73	1.75	1.69	1.71	2229094
2019-09-13 00:00:00	1.71	1.71	1.51	1.58	6639122
2019-09-14 00:00:00	1.58	1.64	1.52	1.56	5719191
2019-09-15 00:00:00	1.56	1.65	1.56	1.61	4049129
2019-09-16 00:00:00	1.61	1.64	1.55	1.58	3549627
2019-09-17 00:00:00	1.58	1.68	1.55	1.62	5394012
2019-09-18 00:00:00	1.62	1.85	1.62	1.8	8269832
2019-09-19 00:00:00	1.8	1.91	1.71	1.87	8590113
2019-09-20 00:00:00	1.87	1.88	1.75	1.82	3503514
2019-09-21 00:00:00	1.82	1.89	1.79	1.89	2773813
2019-09-22 00:00:00	1.88	1.89	1.77	1.82	2311871
2019-09-23 00:00:00	1.81	1.88	1.78	1.8	2670227
2019-09-24 00:00:00	1.8	2.07	1.46	1.72	16495473
2019-09-25 00:00:00	1.71	1.93	1.62	1.74	8910444
2019-09-26 00:00:00	1.75	1.76	1.53	1.65	6950229
2019-09-27 00:00:00	1.65	1.68	1.56	1.66	4337064
2019-09-28 00:00:00	1.66	1.7	1.63	1.67	2378793
2019-09-29 00:00:00	1.67	1.75	1.64	1.7	3307455
2019-09-30 00:00:00	1.7	1.77	1.64	1.77	3573577
2019-10-01 00:00:00	1.77	1.88	1.75	1.83	4084140
2019-10-02 00:00:00	1.83	2.02	1.81	2.01	5790569
2019-10-03 00:00:00	2.01	2.03	1.88	1.94	7013404
2019-10-04 00:00:00	1.94	1.99	1.89	1.97	3422167
2019-10-05 00:00:00	1.97	1.98	1.91	1.96	2233687
2019-10-06 00:00:00	1.96	2.27	1.95	2.17	9778225
2019-10-07 00:00:00	2.17	2.49	2.1	2.4	12795805
2019-10-08 00:00:00	2.4	2.65	2.27	2.58	16096483
2019-10-09 00:00:00	2.58	2.95	2.5	2.8	21792406
2019-10-10 00:00:00	2.8	2.81	2.47	2.63	15341974
2019-10-11 00:00:00	2.63	2.79	2.56	2.75	11417724
2019-10-12 00:00:00	2.74	2.76	2.55	2.6	6182415
2019-10-13 00:00:00	2.6	2.64	2.44	2.49	5534085
2019-10-14 00:00:00	2.49	2.67	2.45	2.53	5833600
2019-10-15 00:00:00	2.53	2.6	2.33	2.4	6236138
2019-10-16 00:00:00	2.39	2.41	2.18	2.37	11864826
2019-10-17 00:00:00	2.37	2.49	2.27	2.41	10565652
2019-10-18 00:00:00	2.42	2.5	2.32	2.35	7264862
2019-10-19 00:00:00	2.35	2.39	2.29	2.35	4513755
2019-10-20 00:00:00	2.35	2.45	2.28	2.44	4491361
2019-10-21 00:00:00	2.44	2.69	2.43	2.62	11337697
2019-10-22 00:00:00	2.62	2.82	2.56	2.61	11209554
2019-10-23 00:00:00	2.61	2.68	2.37	2.61	14101576
2019-10-24 00:00:00	2.61	2.77	2.6	2.72	9751580
2019-10-25 00:00:00	2.72	3.01	2.62	2.84	14004533
2019-10-26 00:00:00	2.84	3	2.66	2.73	13344113
2019-10-27 00:00:00	2.73	2.76	2.65	2.66	5974228
2019-10-28 00:00:00	2.67	2.89	2.66	2.66	7839167
2019-10-29 00:00:00	2.66	2.77	2.63	2.66	3559263
2019-10-30 00:00:00	2.66	2.68	2.51	2.61	3975506
2019-10-31 00:00:00	2.6	2.76	2.54	2.72	4136851
2019-11-01 00:00:00	2.72	2.8	2.64	2.71	3786837
2019-11-02 00:00:00	2.71	2.74	2.68	2.7	1945724
2019-11-03 00:00:00	2.7	2.71	2.62	2.66	1676776
2019-11-04 00:00:00	2.66	2.73	2.63	2.67	2316008
2019-11-05 00:00:00	2.67	2.69	2.63	2.67	1985245
2019-11-06 00:00:00	2.67	2.82	2.65	2.74	3174272
2019-11-07 00:00:00	2.74	2.75	2.6	2.68	3498892
2019-11-08 00:00:00	2.68	2.73	2.62	2.71	2932903
2019-11-09 00:00:00	2.71	2.85	2.7	2.8	4657017
2019-11-10 00:00:00	2.8	2.84	2.74	2.78	2619574
2019-11-11 00:00:00	2.78	2.78	2.67	2.74	2141784
2019-11-12 00:00:00	2.74	2.87	2.73	2.82	3219759
2019-11-13 00:00:00	2.82	3.09	2.79	3.02	6541039
2019-11-14 00:00:00	3.02	3.16	2.97	3.04	6594293
2019-11-15 00:00:00	3.04	3.07	2.8	3.04	5650726
2019-11-16 00:00:00	3.04	3.04	2.91	2.99	1973169
2019-11-17 00:00:00	2.99	2.99	2.86	2.91	1638513
2019-11-18 00:00:00	2.91	2.96	2.7	2.79	3495371
2019-11-19 00:00:00	2.79	2.81	2.58	2.73	4538663
2019-11-20 00:00:00	2.73	2.8	2.63	2.7	3588790
2019-11-21 00:00:00	2.7	2.72	2.47	2.55	4566614
2019-11-22 00:00:00	2.55	2.6	2.1	2.35	10793751
2019-11-23 00:00:00	2.34	2.46	2.26	2.43	4841640
2019-11-24 00:00:00	2.43	2.45	2.2	2.22	4491242
2019-11-25 00:00:00	2.22	2.4	2.02	2.25	8169470
2019-11-26 00:00:00	2.26	2.36	2.15	2.24	7541238
2019-11-27 00:00:00	2.24	2.29	2.1	2.22	7877635
2019-11-28 00:00:00	2.22	2.32	2.17	2.27	4774542
2019-11-29 00:00:00	2.27	2.38	2.26	2.34	4135963
2019-11-30 00:00:00	2.34	2.34	2.19	2.24	2921808
2019-12-01 00:00:00	2.24	2.24	2.13	2.16	3517509
2019-12-02 00:00:00	2.16	2.17	2.05	2.09	3656000
2019-12-03 00:00:00	2.09	2.19	2.06	2.12	3779161
2019-12-04 00:00:00	2.12	2.17	2	2.03	6597030
2019-12-05 00:00:00	2.03	2.07	1.96	2.01	5364943
2019-12-06 00:00:00	2.01	2.1	1.97	2.09	3859752
2019-12-07 00:00:00	2.09	2.11	2.03	2.04	2405427
2019-12-08 00:00:00	2.04	2.09	2	2.05	2020749
2019-12-09 00:00:00	2.05	2.1	2.02	2.1	2777774
2019-12-10 00:00:00	2.1	2.29	2.06	2.27	10814562
2019-12-11 00:00:00	2.27	2.3	2.15	2.18	4814239
2019-12-12 00:00:00	2.18	2.2	2.02	2.11	4785013
2019-12-13 00:00:00	2.1	2.12	2.06	2.07	1964002
2019-12-14 00:00:00	2.07	2.09	1.97	1.99	1753009
2019-12-15 00:00:00	1.99	2.12	1.96	2.07	2576107
2019-12-16 00:00:00	2.07	2.09	1.97	1.98	2569610
2019-12-17 00:00:00	1.97	2	1.7	1.76	7385867
2019-12-18 00:00:00	1.76	1.9	1.6	1.87	8597547
2019-12-19 00:00:00	1.87	1.89	1.75	1.81	5045423
2019-12-20 00:00:00	1.81	1.92	1.78	1.92	3285502
2019-12-21 00:00:00	1.92	1.92	1.85	1.86	2246232
2019-12-22 00:00:00	1.86	1.94	1.85	1.92	2959742
2019-12-23 00:00:00	1.92	1.95	1.85	1.86	2832956
2019-12-24 00:00:00	1.86	1.89	1.82	1.84	2279874
2019-12-25 00:00:00	1.84	1.85	1.76	1.78	1580124
2019-12-26 00:00:00	1.78	1.96	1.77	1.85	2674277
2019-12-27 00:00:00	1.85	1.93	1.84	1.88	2417460
2019-12-28 00:00:00	1.88	1.9	1.86	1.87	1269388
2019-12-29 00:00:00	1.87	1.92	1.84	1.9	1411443
2019-12-30 00:00:00	1.9	1.9	1.81	1.82	1099063
2019-12-31 00:00:00	1.82	1.83	1.75	1.77	1637677
2020-01-01 00:00:00	1.77	1.85	1.76	1.81	1158774
2020-01-02 00:00:00	1.81	1.82	1.71	1.74	1423015
2020-01-03 00:00:00	1.74	1.83	1.7	1.8	1789637
2020-01-04 00:00:00	1.8	1.84	1.78	1.82	1241347
2020-01-05 00:00:00	1.82	1.84	1.79	1.8	1524741
2020-01-06 00:00:00	1.8	1.94	1.79	1.94	3301285
2020-01-07 00:00:00	1.94	2.14	1.9	2.1	6873526
2020-01-08 00:00:00	2.1	2.35	2.1	2.19	12147687
2020-01-09 00:00:00	2.19	2.23	2.1	2.19	5099868
2020-01-10 00:00:00	2.19	2.25	2.15	2.23	4235550
2020-01-11 00:00:00	2.23	2.35	2.22	2.27	4347132
2020-01-12 00:00:00	2.27	2.32	2.21	2.24	2502645
2020-01-13 00:00:00	2.24	2.24	2.16	2.19	1977357
2020-01-14 00:00:00	2.19	2.47	2.18	2.38	7062331
2020-01-15 00:00:00	2.38	2.56	2.33	2.4	6414486
2020-01-16 00:00:00	2.4	2.51	2.29	2.49	4944724
2020-01-17 00:00:00	2.49	2.86	2.46	2.7	12221938
2020-01-18 00:00:00	2.7	2.79	2.58	2.77	4502849
2020-01-19 00:00:00	2.77	2.85	2.54	2.62	6650908
2020-01-20 00:00:00	2.62	2.74	2.54	2.69	4142712
2020-01-21 00:00:00	2.69	2.74	2.57	2.67	3244681
2020-01-22 00:00:00	2.67	2.7	2.62	2.64	1637234
2020-01-23 00:00:00	2.64	2.65	2.43	2.47	4806827
2020-01-24 00:00:00	2.47	2.53	2.36	2.5	4161671
2020-01-25 00:00:00	2.5	2.51	2.42	2.45	1881952
2020-01-26 00:00:00	2.44	2.58	2.43	2.58	1936858
2020-01-27 00:00:00	2.58	2.68	2.57	2.61	3426110
2020-01-28 00:00:00	2.61	2.67	2.59	2.66	3113615
2020-01-29 00:00:00	2.65	2.83	2.63	2.78	5269689
2020-01-30 00:00:00	2.78	2.95	2.72	2.92	5780774
2020-01-31 00:00:00	2.91	2.92	2.76	2.83	3910455
2020-02-01 00:00:00	2.83	2.88	2.74	2.84	2737568
2020-02-02 00:00:00	2.84	2.89	2.73	2.83	3442910
2020-02-03 00:00:00	2.82	2.88	2.75	2.77	3106781
2020-02-04 00:00:00	2.77	2.8	2.68	2.74	4494441
2020-02-05 00:00:00	2.74	2.88	2.73	2.84	4267711
2020-02-06 00:00:00	2.84	2.94	2.79	2.89	4383223
2020-02-07 00:00:00	2.89	3.37	2.89	3.31	14840187
2020-02-08 00:00:00	3.31	3.49	3.13	3.42	10059783
2020-02-09 00:00:00	3.42	3.5	3.23	3.49	6151049
2020-02-10 00:00:00	3.49	3.5	3.28	3.39	6758397
2020-02-11 00:00:00	3.39	4	3.35	3.99	11780130
2020-02-12 00:00:00	3.99	4.2	3.85	4	13673171
2020-02-13 00:00:00	3.99	4.11	3.71	3.88	8232623
2020-02-14 00:00:00	3.88	4.49	3.79	4.43	10369369
2020-02-15 00:00:00	4.43	4.62	4.07	4.32	15609003
2020-02-16 00:00:00	4.32	4.87	4.04	4.46	22171381
2020-02-17 00:00:00	4.46	4.55	3.84	4.31	19343168
2020-02-18 00:00:00	4.31	4.64	4.14	4.55	11931231
2020-02-19 00:00:00	4.55	4.84	4.19	4.39	10109780
2020-02-20 00:00:00	4.38	4.49	4.07	4.26	11478786
2020-02-21 00:00:00	4.27	4.51	4.18	4.28	7730103
2020-02-22 00:00:00	4.28	4.35	4.03	4.11	6716477
2020-02-23 00:00:00	4.1	4.38	4.07	4.24	5652343
2020-02-24 00:00:00	4.24	4.29	3.79	3.91	8591310
2020-02-25 00:00:00	3.92	3.96	3.49	3.49	12394556
2020-02-26 00:00:00	3.49	3.86	3.31	3.56	22248063
2020-02-27 00:00:00	3.56	4.13	3.42	3.96	19252957
2020-02-28 00:00:00	3.96	4.24	3.75	4.16	18277760
2020-02-29 00:00:00	4.16	4.35	4.06	4.06	12512161
2020-03-01 00:00:00	4.06	4.24	3.76	3.86	14748545
2020-03-02 00:00:00	3.86	4.34	3.82	4.24	12656181
2020-03-03 00:00:00	4.24	4.68	4.12	4.58	17189345
2020-03-04 00:00:00	4.59	4.98	4.53	4.64	18623321
2020-03-05 00:00:00	4.64	4.9	4.62	4.72	11867470
2020-03-06 00:00:00	4.71	4.78	4.54	4.68	7667627
2020-03-07 00:00:00	4.68	4.69	4.31	4.34	8209531
2020-03-08 00:00:00	4.35	4.46	3.85	4.05	18324690
2020-03-09 00:00:00	4.05	4.37	3.6	4.12	29055668
2020-03-10 00:00:00	4.12	4.21	3.91	4.08	18071346
2020-03-11 00:00:00	4.08	4.11	3.55	3.82	19593517
2020-03-12 00:00:00	3.82	3.85	0	1.99	72676650
2020-03-13 00:00:00	2	2.75	1.36	2.43	73634363
2020-03-14 00:00:00	2.43	2.51	2.06	2.14	21644224
2020-03-15 00:00:00	2.14	2.4	2.02	2.09	24056608
2020-03-16 00:00:00	2.09	2.09	1.56	1.78	47175217
2020-03-17 00:00:00	1.78	2.07	1.73	1.86	32839100
2020-03-18 00:00:00	1.87	1.95	1.76	1.95	22313494
2020-03-19 00:00:00	1.95	2.37	1.88	2.24	33409005
2020-03-20 00:00:00	2.24	2.62	2.01	2.26	39390682
2020-03-21 00:00:00	2.26	2.38	2.11	2.28	19488598
2020-03-22 00:00:00	2.28	2.33	1.93	1.99	21634053
2020-03-23 00:00:00	1.99	2.3	1.94	2.25	23688876
2020-03-24 00:00:00	2.25	2.37	2.19	2.31	18400044
2020-03-25 00:00:00	2.31	2.35	2.18	2.26	11321087
2020-03-26 00:00:00	2.26	2.31	2.19	2.31	6818828
2020-03-27 00:00:00	2.31	2.36	2.11	2.14	8151584
2020-03-28 00:00:00	2.14	2.15	2.04	2.14	11038196
2020-03-29 00:00:00	2.14	2.15	2.01	2.01	6879328
2020-03-30 00:00:00	2.01	2.2	2	2.13	8453870
2020-03-31 00:00:00	2.13	2.3	2.11	2.27	8612426
2020-04-01 00:00:00	2.27	2.3	2.14	2.28	13433620
2020-04-02 00:00:00	2.28	2.49	2.26	2.29	13266693
2020-04-03 00:00:00	2.29	2.38	2.27	2.3	8452212
2020-04-04 00:00:00	2.3	2.34	2.25	2.32	6143218
2020-04-05 00:00:00	2.32	2.32	2.24	2.26	3228679
2020-04-06 00:00:00	2.26	2.57	2.26	2.56	12222952
2020-04-07 00:00:00	2.56	2.91	2.56	2.73	30449808
2020-04-08 00:00:00	2.73	3.27	2.71	3.17	27093018
2020-04-09 00:00:00	3.17	3.47	3.12	3.31	37011897
2020-04-10 00:00:00	3.31	3.32	2.95	3.22	43621513
2020-04-11 00:00:00	3.22	3.44	3.06	3.29	30487455
2020-04-12 00:00:00	3.29	3.64	3.17	3.42	32589293
2020-04-13 00:00:00	3.41	3.46	3.2	3.37	29488773
2020-04-14 00:00:00	3.37	3.44	3.21	3.25	17078853
2020-04-15 00:00:00	3.25	3.31	3.11	3.12	15635898
2020-04-16 00:00:00	3.12	3.56	2.98	3.49	24817986
2020-04-17 00:00:00	3.48	3.53	3.38	3.45	12689092
2020-04-18 00:00:00	3.45	3.83	3.45	3.78	16406845
2020-04-19 00:00:00	3.78	3.81	3.51	3.59	16350519
2020-04-20 00:00:00	3.59	3.79	3.37	3.43	20566111
2020-04-21 00:00:00	3.43	3.57	3.39	3.46	13887656
2020-04-22 00:00:00	3.46	3.69	3.43	3.68	11953406
2020-04-23 00:00:00	3.68	3.91	3.6	3.75	14233226
2020-04-24 00:00:00	3.76	3.89	3.74	3.77	7951387
2020-04-25 00:00:00	3.77	3.91	3.74	3.79	6095090
2020-04-26 00:00:00	3.79	3.82	3.64	3.72	8246681
2020-04-27 00:00:00	3.72	3.74	3.46	3.64	11371950
2020-04-28 00:00:00	3.64	3.74	3.56	3.64	7379341
2020-04-29 00:00:00	3.64	3.99	3.63	3.89	15125307
2020-04-30 00:00:00	3.89	3.97	3.62	3.7	13545157
2020-05-01 00:00:00	3.7	3.92	3.7	3.76	8084353
2020-05-02 00:00:00	3.76	3.86	3.73	3.82	4467262
2020-05-03 00:00:00	3.82	3.86	3.64	3.71	5570746
2020-05-04 00:00:00	3.71	3.83	3.5	3.75	10973743
2020-05-05 00:00:00	3.75	3.81	3.65	3.68	4730525
2020-05-06 00:00:00	3.68	3.77	3.57	3.59	5299822
2020-05-07 00:00:00	3.59	3.85	3.56	3.76	8481295
2020-05-08 00:00:00	3.76	3.86	3.69	3.8	7383746
2020-05-09 00:00:00	3.8	4.21	3.76	4.01	15240746
2020-05-10 00:00:00	4.01	4.02	3.46	3.76	19818409
2020-05-11 00:00:00	3.76	3.83	3.29	3.58	13273899
2020-05-12 00:00:00	3.58	3.79	3.54	3.69	7797511
2020-05-13 00:00:00	3.69	3.82	3.64	3.77	5989513
2020-05-14 00:00:00	3.77	3.86	3.69	3.81	7333677
2020-05-15 00:00:00	3.81	3.83	3.61	3.66	5572586
2020-05-16 00:00:00	3.66	3.79	3.62	3.76	4045405
2020-05-17 00:00:00	3.76	3.85	3.75	3.78	3636929
2020-05-18 00:00:00	3.78	3.95	3.78	3.89	5744950
2020-05-19 00:00:00	3.89	3.95	3.77	3.95	3771901
2020-05-20 00:00:00	3.95	4.14	3.9	4.09	9821325
2020-05-21 00:00:00	4.09	4.17	3.73	3.83	10446044
2020-05-22 00:00:00	3.83	4.14	3.79	4.06	7194970
2020-05-23 00:00:00	4.06	4.11	3.91	3.93	5867381
2020-05-24 00:00:00	3.92	4.03	3.78	3.79	6236670
2020-05-25 00:00:00	3.79	3.91	3.77	3.86	4444016
2020-05-26 00:00:00	3.86	3.88	3.77	3.84	3774225
2020-05-27 00:00:00	3.84	3.91	3.81	3.85	3795405
2020-05-28 00:00:00	3.85	4.06	3.83	4.05	4242382
2020-05-29 00:00:00	4.05	4.13	3.95	3.98	5243315
2020-05-30 00:00:00	3.98	4.18	3.94	4.18	4734085
2020-05-31 00:00:00	4.18	4.28	4.04	4.13	6223483
2020-06-01 00:00:00	4.13	4.48	4.12	4.38	8703452
2020-06-02 00:00:00	4.38	4.62	4.11	4.4	8182487
2020-06-03 00:00:00	4.4	4.53	4.29	4.49	4215849
2020-06-04 00:00:00	4.49	4.51	4.29	4.42	3231927
2020-06-05 00:00:00	4.43	4.49	4.34	4.36	2316096
2020-06-06 00:00:00	4.36	4.4	4.3	4.35	1377182
2020-06-07 00:00:00	4.35	4.41	4.21	4.35	2146677
2020-06-08 00:00:00	4.35	4.48	4.33	4.47	2037182
2020-06-09 00:00:00	4.48	4.51	4.36	4.43	2296340
2020-06-10 00:00:00	4.44	4.44	4.34	4.42	2236502
2020-06-11 00:00:00	4.42	4.45	3.91	3.96	6610484
2020-06-12 00:00:00	3.95	4.19	3.86	4.08	4837554
2020-06-13 00:00:00	4.08	4.13	4.01	4.11	1604685
2020-06-14 00:00:00	4.11	4.11	3.91	3.94	1710237
2020-06-15 00:00:00	3.94	3.99	3.66	3.93	6850331
2020-06-16 00:00:00	3.93	4.09	3.89	4.05	3623785
2020-06-17 00:00:00	4.05	4.2	3.96	4.17	4301307
2020-06-18 00:00:00	4.17	4.25	4.1	4.14	3348406
2020-06-19 00:00:00	4.14	4.18	4.05	4.1	2424409
2020-06-20 00:00:00	4.1	4.21	4.07	4.18	2414720
2020-06-21 00:00:00	4.18	4.21	4.14	4.18	1336883
2020-06-22 00:00:00	4.18	4.49	4.18	4.48	4659633
2020-06-23 00:00:00	4.48	4.94	4.43	4.81	10884439
2020-06-24 00:00:00	4.81	4.94	4.5	4.71	10253286
2020-06-25 00:00:00	4.71	4.84	4.5	4.81	7030865
2020-06-26 00:00:00	4.81	4.86	4.64	4.68	5532488
2020-06-27 00:00:00	4.68	4.7	4.3	4.41	6165556
2020-06-28 00:00:00	4.41	4.62	4.36	4.57	4751953
2020-06-29 00:00:00	4.57	4.65	4.42	4.62	4789687
2020-06-30 00:00:00	4.62	4.66	4.53	4.56	3008063
2020-07-01 00:00:00	4.56	4.73	4.52	4.71	4096744
2020-07-02 00:00:00	4.71	4.92	4.6	4.8	7638412
2020-07-03 00:00:00	4.8	4.9	4.7	4.73	4622402
2020-07-04 00:00:00	4.73	4.85	4.72	4.82	2884300
2020-07-05 00:00:00	4.82	4.83	4.61	4.74	3650996
2020-07-06 00:00:00	4.74	5.5	4.74	5.36	12032974
2020-07-07 00:00:00	5.36	5.89	5.33	5.72	13786056
2020-07-08 00:00:00	5.72	6.58	5.59	6.5	16816933
2020-07-09 00:00:00	6.5	6.5	5.7	6.08	12955568
2020-07-10 00:00:00	6.08	6.2	5.71	6.15	9946959
2020-07-11 00:00:00	6.15	6.27	5.96	6.1	5442744
2020-07-12 00:00:00	6.1	7.39	6.1	7.33	18949340
2020-07-13 00:00:00	7.34	8.48	6.85	7.16	30737576
2020-07-14 00:00:00	7.16	8.34	6.97	8.13	25153401
2020-07-15 00:00:00	8.13	8.91	7.83	8.65	20518912
2020-07-16 00:00:00	8.65	8.88	7.94	8.35	20705878
2020-07-17 00:00:00	8.35	8.64	8.2	8.26	8727953
2020-07-18 00:00:00	8.26	8.26	7.66	7.97	11416655
2020-07-19 00:00:00	7.97	8.21	7.78	8.08	6896232
2020-07-20 00:00:00	8.08	8.14	7.12	7.23	11043745
2020-07-21 00:00:00	7.23	7.68	6.92	7.31	10937177
2020-07-22 00:00:00	7.31	7.64	7.08	7.47	9599573
2020-07-23 00:00:00	7.47	8.1	7.4	7.9	10917084
2020-07-24 00:00:00	7.9	7.93	7.38	7.43	7314744
2020-07-25 00:00:00	7.43	7.8	7.37	7.67	7507200
2020-07-26 00:00:00	7.67	7.95	7.19	7.5	10637683
2020-07-27 00:00:00	7.5	7.5	6.51	7.1	16681238
2020-07-28 00:00:00	7.1	7.42	6.91	7.23	8500750
2020-07-29 00:00:00	7.23	7.49	6.99	7.09	7058936
2020-07-30 00:00:00	7.09	7.58	7.03	7.41	7673462
2020-07-31 00:00:00	7.41	7.86	7.41	7.8	7419479
2020-08-01 00:00:00	7.8	8.47	7.64	8.32	9345099
2020-08-02 00:00:00	8.32	8.8	6.87	8.28	22647637
2020-08-03 00:00:00	8.29	9.27	8.14	9.25	12814546
2020-08-04 00:00:00	9.25	9.96	9.08	9.87	18485953
2020-08-05 00:00:00	9.87	9.87	9.32	9.53	9682116
2020-08-06 00:00:00	9.53	10.29	9.45	10.23	9041576
2020-08-07 00:00:00	10.23	10.26	9.05	10.13	11738021
2020-08-08 00:00:00	10.13	13.88	9.93	12.71	28681411
2020-08-09 00:00:00	12.71	14.46	12	13.81	28455061
2020-08-10 00:00:00	13.81	14.06	12.52	13.47	17912574
2020-08-11 00:00:00	13.47	13.54	12.09	13	17514646
2020-08-12 00:00:00	13	16.8	12.59	16.46	23116771
2020-08-13 00:00:00	16.46	18.35	15.92	17.19	30941720
2020-08-14 00:00:00	17.17	17.6	16.3	16.96	11352145
2020-08-15 00:00:00	16.94	19.83	16.56	19.23	17941137
2020-08-16 00:00:00	19.21	20.11	18.51	18.81	10757871
2020-08-17 00:00:00	18.81	19.71	15.5	16.82	13542395
2020-08-18 00:00:00	16.81	17.67	14.69	16.19	27088085
2020-08-19 00:00:00	16.18	17.26	14.87	16.19	18401965
2020-08-20 00:00:00	16.19	16.79	15.72	16.05	11077185
2020-08-21 00:00:00	16.05	16.14	12.89	13.83	26181397
2020-08-22 00:00:00	13.83	16.33	13.66	15.81	16713866
2020-08-23 00:00:00	15.81	16	14.65	15.14	10766033
2020-08-24 00:00:00	15.16	15.88	14.7	15.14	8460843
2020-08-25 00:00:00	15.14	15.37	13.46	14.12	12813275
2020-08-26 00:00:00	14.12	15.67	14.05	15.2	11417207
2020-08-27 00:00:00	15.21	15.52	13.97	14.52	11695447
2020-08-28 00:00:00	14.52	15.5	14.24	15.12	7263883
2020-08-29 00:00:00	15.11	17.03	14.96	16.36	12476998
2020-08-30 00:00:00	16.36	17.78	16.35	16.48	12067713
2020-08-31 00:00:00	16.48	16.95	15.45	15.58	9615990
2020-09-01 00:00:00	15.57	16.51	15.06	16.03	9246722
2020-09-02 00:00:00	16.03	16.36	14	14.8	10432199
2020-09-03 00:00:00	14.79	15	10.83	11.89	17461947
2020-09-04 00:00:00	11.88	12.9	11	12.37	18649501
2020-09-05 00:00:00	12.38	12.77	9.1	10.6	25530170
2020-09-06 00:00:00	10.61	13.24	9.72	12.8	21900452
2020-09-07 00:00:00	12.81	13.17	11.17	12.47	21235072
2020-09-08 00:00:00	12.47	12.74	11.03	11.75	14832151
2020-09-09 00:00:00	11.74	12.66	11.44	12.34	10649813
2020-09-10 00:00:00	12.35	13.28	12.18	12.5	15073318
2020-09-11 00:00:00	12.49	12.7	12.02	12.44	7498891
2020-09-12 00:00:00	12.44	12.75	12.09	12.72	6270807
2020-09-13 00:00:00	12.72	13.23	11.77	12.07	11107123
2020-09-14 00:00:00	12.08	12.39	11.63	12.14	8830965
2020-09-15 00:00:00	12.13	12.24	10.75	10.93	11413659
2020-09-16 00:00:00	10.93	11.3	10.48	10.74	10362471
2020-09-17 00:00:00	10.74	11.68	10.47	11.01	10163069
2020-09-18 00:00:00	11.01	11.13	9.79	10.09	8890234
2020-09-19 00:00:00	10.09	10.5	9.88	10.12	5596822
2020-09-20 00:00:00	10.12	10.62	9.5	9.74	7500170
2020-09-21 00:00:00	9.74	9.92	8.5	8.71	15761440
2020-09-22 00:00:00	8.72	9.08	8.54	8.74	8384134
2020-09-23 00:00:00	8.74	8.8	7.29	7.64	18221858
2020-09-24 00:00:00	7.64	10.53	7.48	9.87	26948169
2020-09-25 00:00:00	9.87	11.2	9.38	10.73	20220165
2020-09-26 00:00:00	10.72	11.1	9.98	10.32	12020310
2020-09-27 00:00:00	10.31	10.99	9.91	10.79	10053134
2020-09-28 00:00:00	10.8	11.07	10.15	10.28	8731518
2020-09-29 00:00:00	10.28	10.39	9.45	10.14	13378202
2020-09-30 00:00:00	10.14	10.23	9.58	9.87	6665693
2020-10-01 00:00:00	9.87	10.41	9.25	9.64	9704048
2020-10-02 00:00:00	9.64	9.84	8.8	9.22	11180648
2020-10-03 00:00:00	9.21	9.56	9.1	9.27	4805214
2020-10-04 00:00:00	9.27	9.47	9.11	9.39	4665649
2020-10-05 00:00:00	9.39	9.72	9.26	9.62	6217393
2020-10-06 00:00:00	9.61	9.66	8.56	8.77	7424750
2020-10-07 00:00:00	8.77	9.01	8.38	8.98	7543328
2020-10-08 00:00:00	8.98	9.69	8.4	9.56	10913134
2020-10-09 00:00:00	9.55	10.53	9.37	10.4	11276173
2020-10-10 00:00:00	10.39	10.92	10.37	10.52	9504071
2020-10-11 00:00:00	10.52	11.03	10.15	10.85	8174903
2020-10-12 00:00:00	10.85	11.8	10.68	11.43	11882264
2020-10-13 00:00:00	11.43	11.58	10.52	11	9695250
2020-10-14 00:00:00	11	11.35	10.62	10.89	7758470
2020-10-15 00:00:00	10.89	10.93	10.46	10.75	6983379
2020-10-16 00:00:00	10.75	10.89	10.27	10.59	6662690
2020-10-17 00:00:00	10.59	10.71	10.41	10.63	3322199
2020-10-18 00:00:00	10.63	11	10.6	10.94	3679647
2020-10-19 00:00:00	10.94	11.22	10.65	10.91	4474873
2020-10-20 00:00:00	10.91	10.93	9.77	9.86	7095735
2020-10-21 00:00:00	9.86	11.14	9.79	10.79	8276664
2020-10-22 00:00:00	10.78	12.42	10.71	11.95	10308200
2020-10-23 00:00:00	11.96	12.26	11.58	12.16	8789986
2020-10-24 00:00:00	12.16	12.95	11.98	12.7	7538218
2020-10-25 00:00:00	12.7	12.86	11.91	12.15	7000968
2020-10-26 00:00:00	12.15	12.45	11.26	11.71	8858190
2020-10-27 00:00:00	11.71	12.48	11.49	11.92	7621253
2020-10-28 00:00:00	11.92	12.16	11.15	11.44	8020324
2020-10-29 00:00:00	11.44	11.81	11.08	11.28	8541813
2020-10-30 00:00:00	11.27	11.48	10.72	11.09	7960277
2020-10-31 00:00:00	11.09	11.4	10.91	11.23	4971568
2020-11-01 00:00:00	11.23	11.59	11.02	11.57	3872706
2020-11-02 00:00:00	11.57	11.69	10.7	10.78	6924935
2020-11-03 00:00:00	10.78	10.78	9.95	10.39	9964319
2020-11-04 00:00:00	10.4	10.68	9.75	10.47	8587197
2020-11-05 00:00:00	10.47	11.27	10.08	10.98	10634746
2020-11-06 00:00:00	10.98	12.28	10.93	12.17	10971312
2020-11-07 00:00:00	12.17	13.6	11.31	11.76	24928202
2020-11-08 00:00:00	11.77	13.1	11.48	12.71	12949546
2020-11-09 00:00:00	12.71	13	12.04	12.51	12660383
2020-11-10 00:00:00	12.52	13.28	12.32	13	12355974
2020-11-11 00:00:00	13	13.43	12.75	12.75	9416572
2020-11-12 00:00:00	12.75	13.1	12.27	12.4	8920364
2020-11-13 00:00:00	12.4	13	12.31	12.87	7892675
2020-11-14 00:00:00	12.87	12.93	12.3	12.56	5010418
2020-11-15 00:00:00	12.56	12.65	11.82	12.12	5716372
2020-11-16 00:00:00	12.12	12.81	12	12.62	5982831
2020-11-17 00:00:00	12.62	13.42	12.54	13.39	11150786
2020-11-18 00:00:00	13.39	14.27	12.59	13.56	18517548
2020-11-19 00:00:00	13.56	14	13.01	13.62	9805707
2020-11-20 00:00:00	13.61	14.48	13.46	14.09	11203121
2020-11-21 00:00:00	14.09	15.5	13.69	15.45	14003297
2020-11-22 00:00:00	15.44	15.72	13.84	14.51	14244025
2020-11-23 00:00:00	14.51	15.43	14.25	15.27	12472357
2020-11-24 00:00:00	15.26	16.39	14.94	15.67	15636494
2020-11-25 00:00:00	15.66	15.86	13.79	14.2	9521588
2020-11-26 00:00:00	14.22	14.47	11.29	12.6	24596562
2020-11-27 00:00:00	12.6	12.95	11.95	12.5	9129129
2020-11-28 00:00:00	12.5	13.43	12.35	13.09	7286286
2020-11-29 00:00:00	13.08	13.48	12.84	13.38	6551109
2020-11-30 00:00:00	13.39	14.44	13.39	14.27	10302725
2020-12-01 00:00:00	14.26	14.83	13.05	13.35	11186377
2020-12-02 00:00:00	13.35	14.15	13.05	13.98	6173252
2020-12-03 00:00:00	13.98	14.22	13.64	13.97	4275341
2020-12-04 00:00:00	13.97	14.03	12.51	12.68	5795190
2020-12-05 00:00:00	12.68	13.35	12.53	13.17	3447495
2020-12-06 00:00:00	13.17	13.53	12.77	13.51	3871306
2020-12-07 00:00:00	13.51	13.55	12.87	13.07	3224421
2020-12-08 00:00:00	13.07	13.19	12	12.14	5176202
2020-12-09 00:00:00	12.13	12.83	11.57	12.62	6780825
2020-12-10 00:00:00	12.62	12.67	11.85	11.92	3569578
2020-12-11 00:00:00	11.92	11.99	11.43	11.63	5013283
2020-12-12 00:00:00	11.64	12.35	11.6	12.23	4394518
2020-12-13 00:00:00	12.23	13.27	12.02	12.94	6036870
2020-12-14 00:00:00	12.94	12.98	12.32	12.85	4529291
2020-12-15 00:00:00	12.85	13.02	12.47	12.68	3202239
2020-12-16 00:00:00	12.68	13.5	12.31	13.49	6700284
2020-12-17 00:00:00	13.48	14.5	13.06	13.44	11585617
2020-12-18 00:00:00	13.44	14.02	13.17	13.5	5520739
2020-12-19 00:00:00	13.5	13.97	13.3	13.47	4606625
2020-12-20 00:00:00	13.47	13.8	12.68	13.06	5227521
2020-12-21 00:00:00	13.06	13.27	12.14	12.3	5669253
2020-12-22 00:00:00	12.3	12.84	11.81	12.78	6175267
2020-12-23 00:00:00	12.78	12.86	8.05	10.97	15255934
2020-12-24 00:00:00	10.97	11.69	9.86	11.57	14771460
2020-12-25 00:00:00	11.57	11.92	11.06	11.55	7386457
2020-12-26 00:00:00	11.56	11.82	10.62	10.98	9097541
2020-12-27 00:00:00	10.98	13.24	10.48	12.15	18965162
2020-12-28 00:00:00	12.15	12.98	11.97	12.61	11288981
2020-12-29 00:00:00	12.61	13.04	10.82	11.78	12895756
2020-12-30 00:00:00	11.78	11.99	11.07	11.24	7720884
2020-12-31 00:00:00	11.24	11.75	10.9	11.24	6640156
2021-01-01 00:00:00	11.24	12.46	11.06	11.85	8296849
2021-01-02 00:00:00	11.85	12.42	11.43	12.22	9618244
2021-01-03 00:00:00	12.22	14	11.84	13.68	15938106
2021-01-04 00:00:00	13.68	15.64	12.37	13.59	23288890
2021-01-05 00:00:00	13.6	14.89	13.09	14.52	14842360
2021-01-06 00:00:00	14.51	17.3	14.14	17.23	21381190
2021-01-07 00:00:00	17.23	17.41	15.07	15.96	16881711
2021-01-08 00:00:00	15.97	16.19	14.12	15.24	14986417
2021-01-09 00:00:00	15.24	17.89	15	17.55	12818984
2021-01-10 00:00:00	17.55	18.44	15.44	16.21	16496580
2021-01-11 00:00:00	16.2	16.26	12.5	14.64	21926257
2021-01-12 00:00:00	14.63	15.48	13.67	13.97	11921570
2021-01-13 00:00:00	13.96	16.24	13.37	15.94	11467852
2021-01-14 00:00:00	15.94	17.99	15.33	17.98	13484741
2021-01-15 00:00:00	17.99	21.45	17.54	20.74	38649198
2021-01-16 00:00:00	20.74	22.96	19.63	20.11	27884196
2021-01-17 00:00:00	20.1	23.77	19.37	23.28	21794637
2021-01-18 00:00:00	23.27	23.69	21.06	22.03	13781967
2021-01-19 00:00:00	22.03	22.86	20.38	20.56	10968920
2021-01-20 00:00:00	20.54	21.98	19.06	21.85	12454258
2021-01-21 00:00:00	21.84	22.03	18.06	18.41	14857107
2021-01-22 00:00:00	18.41	22.5	17.13	21.55	17060802
2021-01-23 00:00:00	21.55	25.5	21.14	24.8	19024903
2021-01-24 00:00:00	24.82	24.95	23.16	24.79	11910707
2021-01-25 00:00:00	24.79	25.78	22.6	23.34	12581492
2021-01-26 00:00:00	23.34	23.98	21.65	23.1	8984472
2021-01-27 00:00:00	23.09	23.23	20.28	20.96	10837701
2021-01-28 00:00:00	20.96	24.47	20.5	23.01	11205393
2021-01-29 00:00:00	22.99	24.24	22.05	22.75	11638579
2021-01-30 00:00:00	22.75	23.98	22.15	23.64	7393349
2021-01-31 00:00:00	23.65	24.68	22.06	22.56	7645232
2021-02-01 00:00:00	22.56	23.2	21.65	22.88	6446996
2021-02-02 00:00:00	22.88	24.17	22.74	23.66	6484896
2021-02-03 00:00:00	23.66	25.57	23.53	25.09	8466395
2021-02-04 00:00:00	25.08	26.15	22.62	24.49	8646413
2021-02-05 00:00:00	24.48	27	24.41	26.3	10000350
2021-02-06 00:00:00	26.3	26.8	24.21	25.02	7063706
2021-02-07 00:00:00	25.03	25.28	22.81	24.73	6514299
2021-02-08 00:00:00	24.73	25.98	23.96	25.41	7026928
2021-02-09 00:00:00	25.41	28	25	27.6	9472893
2021-02-10 00:00:00	27.62	28.64	25.12	26.81	11721119
2021-02-11 00:00:00	26.8	28.57	26.22	27.85	6660645
2021-02-12 00:00:00	27.86	31.45	26.67	30.63	9762320
2021-02-13 00:00:00	30.64	34.76	29.07	34.19	11028515
2021-02-14 00:00:00	34.2	35.69	32.31	33.16	9440118
2021-02-15 00:00:00	33.16	34.93	27.5	32.59	10844664
2021-02-16 00:00:00	32.59	33.43	30.78	31.96	7063016
2021-02-17 00:00:00	31.96	32.67	30	32.23	5680546
2021-02-18 00:00:00	32.23	33.6	31.78	32.48	5453017
2021-02-19 00:00:00	32.47	35.51	31.38	34.68	8412176
2021-02-20 00:00:00	34.68	36.93	32	33.94	10078373
2021-02-21 00:00:00	33.93	35.29	33.27	34.09	5179306
2021-02-22 00:00:00	34.09	34.22	25.23	31.45	13342731
2021-02-23 00:00:00	31.45	31.68	20.81	25.92	24333731
2021-02-24 00:00:00	25.96	29.34	24.51	28.09	11441058
2021-02-25 00:00:00	28.07	28.68	24.25	24.71	7925409
2021-02-26 00:00:00	24.71	26.99	23.66	25.19	9141919
2021-02-27 00:00:00	25.17	27.45	24.85	26.19	7629117
2021-02-28 00:00:00	26.19	26.76	22.86	24.7	7913107
2021-03-01 00:00:00	24.7	27.73	24.58	27.71	12300931
2021-03-02 00:00:00	27.72	30.53	27.18	28.48	9716520
2021-03-03 00:00:00	28.46	31.43	28.13	29.85	6863871
2021-03-04 00:00:00	29.83	30.57	27.19	27.69	6809237
2021-03-05 00:00:00	27.69	28.23	25.65	27.83	5835794
2021-03-06 00:00:00	27.82	28.4	26.29	28.15	3809125
2021-03-07 00:00:00	28.16	29.13	27.39	28.59	4599280
2021-03-08 00:00:00	28.59	31.85	28.27	31.85	7181521
2021-03-09 00:00:00	31.82	32	30.36	31.49	5209866
2021-03-10 00:00:00	31.49	31.79	29.25	29.9	4916698
2021-03-11 00:00:00	29.87	30.53	28.55	30.12	5079737
2021-03-12 00:00:00	30.12	30.41	27.37	28.36	4815026
2021-03-13 00:00:00	28.35	30.57	26.93	29.74	5690194
2021-03-14 00:00:00	29.75	30.2	28.51	28.55	3148248
2021-03-15 00:00:00	28.53	29.42	26.8	27.51	5267843
2021-03-16 00:00:00	27.5	28.19	26.4	27.91	3775108
2021-03-17 00:00:00	27.91	31.2	27.3	31.06	8170730
2021-03-18 00:00:00	31.06	31.36	29	29.39	4993151
2021-03-19 00:00:00	29.39	30.55	28.68	29.78	3576112
2021-03-20 00:00:00	29.79	31.43	29.57	29.65	3370869
2021-03-21 00:00:00	29.66	30.08	28.58	29.21	2589031
2021-03-22 00:00:00	29.21	29.44	27.14	27.24	3569731
2021-03-23 00:00:00	27.26	27.94	26.63	26.78	3698018
2021-03-24 00:00:00	26.78	27.88	23.61	24.87	5130207
2021-03-25 00:00:00	24.87	26.64	24.37	25.54	5165591
2021-03-26 00:00:00	25.53	27.4	25.36	27.39	4214772
2021-03-27 00:00:00	27.4	27.5	26	26.88	2033858
2021-03-28 00:00:00	26.88	27.66	26.09	26.66	2209846
2021-03-29 00:00:00	26.66	28.62	26.39	28.04	3631427
2021-03-30 00:00:00	28.04	28.57	27.45	27.83	2522524
2021-03-31 00:00:00	27.83	29.44	26.18	29.42	4354563
2021-04-01 00:00:00	29.42	31.13	29.31	30.07	5441713
2021-04-02 00:00:00	30.08	32.56	29.36	32.49	4541318
2021-04-03 00:00:00	32.49	33.17	29.13	29.29	5352557
2021-04-04 00:00:00	29.29	31.46	28.68	30.75	3036755
2021-04-05 00:00:00	30.75	32.64	29.62	32.38	5116286
2021-04-06 00:00:00	32.38	34.9	31.31	34.73	8893519
2021-04-07 00:00:00	34.73	35.12	30.23	31.11	7354501
2021-04-08 00:00:00	31.1	32.9	30.95	32.79	3548655
2021-04-09 00:00:00	32.79	33.29	31.23	31.59	3146116
2021-04-10 00:00:00	31.6	33	31	31.89	3548040
2021-04-11 00:00:00	31.9	34.44	31.73	33.88	4950213
2021-04-12 00:00:00	33.88	34.15	31.86	33.11	4114051
2021-04-13 00:00:00	33.1	35.86	32.38	35.52	6101030
2021-04-14 00:00:00	35.54	41.99	35	41.36	14042169
2021-04-15 00:00:00	41.34	44.33	39.66	42.56	12590900
2021-04-16 00:00:00	42.57	43.29	38.53	41.99	9660070
2021-04-17 00:00:00	41.98	44.11	39.83	39.91	6767664
2021-04-18 00:00:00	39.91	40.34	28.8	39.08	16201672
2021-04-19 00:00:00	39.09	41.99	34.81	35.74	13081181
2021-04-20 00:00:00	35.75	39.39	33.19	39	12155675
2021-04-21 00:00:00	39	39.49	35.89	36.23	7984909
2021-04-22 00:00:00	36.24	40.82	33.79	35.13	14019158
2021-04-23 00:00:00	35.13	35.96	30.02	35.21	15388256
2021-04-24 00:00:00	35.21	35.3	31	31.24	6655476
2021-04-25 00:00:00	31.24	33.43	29.8	31.69	4590497
2021-04-26 00:00:00	31.69	35.28	31.36	35.13	6660334
2021-04-27 00:00:00	35.11	37.67	34.48	36.79	5463169
2021-04-28 00:00:00	36.79	37.81	34.9	36.23	5219101
2021-04-29 00:00:00	36.25	37.45	35	36.47	5148524
2021-04-30 00:00:00	36.47	38.79	35.83	38.1	5295334
2021-05-01 00:00:00	38.1	41.27	37.43	41.26	5227812
2021-05-02 00:00:00	41.25	41.46	38.69	39.46	5208076
2021-05-03 00:00:00	39.46	42.73	39.17	42.05	6029722
2021-05-04 00:00:00	42.06	48.54	38.63	45.53	19637709
2021-05-05 00:00:00	45.51	51.2	44.87	49.58	16873816
2021-05-06 00:00:00	49.58	49.9	45.34	47.15	9895029
2021-05-07 00:00:00	47.15	51.97	45.67	49.13	10599344
2021-05-08 00:00:00	49.13	50.27	46.5	48.6	5902407
2021-05-09 00:00:00	48.61	52.43	45.83	52.27	8601398
2021-05-10 00:00:00	52.28	53	40.7	46.33	11459184
2021-05-11 00:00:00	46.33	49	44.58	48.83	7532505
2021-05-12 00:00:00	48.81	49.84	40.91	41.62	8304594
2021-05-13 00:00:00	41.54	44.96	39.23	43.29	10978741
2021-05-14 00:00:00	43.27	47.88	42.94	46.57	6310293
2021-05-15 00:00:00	46.56	47.8	40.98	41.49	9858364
2021-05-16 00:00:00	41.51	44.9	37.94	40.67	9820403
2021-05-17 00:00:00	40.66	40.67	35.07	37.18	10672068
2021-05-18 00:00:00	37.18	44.69	36.66	42.57	11237955
2021-05-19 00:00:00	42.56	43.5	21	26.23	30087594
2021-05-20 00:00:00	26.23	33.05	22.35	30.61	20474479
2021-05-21 00:00:00	30.63	31.95	22.02	25.55	16394463
2021-05-22 00:00:00	25.55	26.2	22.23	23.3	13176402
2021-05-23 00:00:00	23.29	24.37	15	19.84	28838506
2021-05-24 00:00:00	19.85	26.43	19.68	26.41	18781274
2021-05-25 00:00:00	26.4	27.64	23.67	27.5	13594306
2021-05-26 00:00:00	27.51	34.28	26.85	34.02	15626116
2021-05-27 00:00:00	34.03	35.33	30.03	31.73	14928908
2021-05-28 00:00:00	31.72	32.19	26.82	27.88	18329181
2021-05-29 00:00:00	27.87	29.73	24.12	25.37	11852901
2021-05-30 00:00:00	25.38	29.17	23.7	26.82	11582013
2021-05-31 00:00:00	26.81	32.16	25.56	32.1	11530197
2021-06-01 00:00:00	32.1	32.65	29.04	30.72	8541370
2021-06-02 00:00:00	30.73	32.22	29.67	30.67	6690395
2021-06-03 00:00:00	30.67	32.86	30	32.2	7153685
2021-06-04 00:00:00	32.2	32.27	27.17	28.83	11814385
2021-06-05 00:00:00	28.83	30.19	26.04	27.13	8061794
2021-06-06 00:00:00	27.13	28.19	26.82	27.53	4103149
2021-06-07 00:00:00	27.53	28.69	24.23	24.58	7596981
2021-06-08 00:00:00	24.57	25.1	21.33	24.08	12541401
2021-06-09 00:00:00	24.08	25.63	22.44	25.59	10774452
2021-06-10 00:00:00	25.59	25.78	22.72	23.11	8528608
2021-06-11 00:00:00	23.12	23.37	21	21.48	7708461
2021-06-12 00:00:00	21.48	22.29	20	21.67	8866617
2021-06-13 00:00:00	21.67	23.89	20.4	23.31	8518801
2021-06-14 00:00:00	23.31	25.28	22.84	24.97	8601465
2021-06-15 00:00:00	24.97	26.46	24.38	24.48	7591169
2021-06-16 00:00:00	24.48	24.64	22.92	23.04	7504932
2021-06-17 00:00:00	23.04	24.45	22.81	23.4	5252402
2021-06-18 00:00:00	23.4	23.43	20.53	21.23	6992009
2021-06-19 00:00:00	21.24	21.95	20	20.25	5051911
2021-06-20 00:00:00	20.26	22.07	19.08	21.65	6747482
2021-06-21 00:00:00	21.64	21.88	16.98	17.36	16334314
2021-06-22 00:00:00	17.36	18.8	15	16.85	19816178
2021-06-23 00:00:00	16.84	19.2	16.15	18.4	10955599
2021-06-24 00:00:00	18.39	19.52	17.35	19.06	6913955
2021-06-25 00:00:00	19.06	19.5	16.81	16.87	10064749
2021-06-26 00:00:00	16.87	17.5	15.92	16.95	8397580
2021-06-27 00:00:00	16.95	18.41	16.59	18.41	6672252
2021-06-28 00:00:00	18.41	19.43	17.9	18.83	7730992
2021-06-29 00:00:00	18.83	20.55	18.75	19.54	7920295
2021-06-30 00:00:00	19.53	19.78	18.15	19.52	7407086
2021-07-01 00:00:00	19.52	19.53	17.6	18.19	6081169
2021-07-02 00:00:00	18.18	18.52	17.26	18.27	5454395
2021-07-03 00:00:00	18.28	18.89	17.86	18.54	3457975
2021-07-04 00:00:00	18.54	19.93	18	19.24	4719569
2021-07-05 00:00:00	19.24	19.24	17.77	18.36	5293306
2021-07-06 00:00:00	18.36	20.27	18.32	20.07	8365996
2021-07-07 00:00:00	20.07	21.27	19.62	19.79	7382332
2021-07-08 00:00:00	19.79	19.87	18.14	18.35	7810679
2021-07-09 00:00:00	18.36	18.88	17.62	18.66	5274742
2021-07-10 00:00:00	18.66	18.99	17.73	18.2	4080719
2021-07-11 00:00:00	18.21	18.58	17.86	18.38	2751021
2021-07-12 00:00:00	18.38	18.61	17	17.52	3787736
2021-07-13 00:00:00	17.51	17.77	16.66	16.87	3654728
2021-07-14 00:00:00	16.87	17.42	16.01	16.94	5451344
2021-07-15 00:00:00	16.94	17.24	15.52	15.76	6244828
2021-07-16 00:00:00	15.76	16.33	15.13	15.23	5213720
2021-07-17 00:00:00	15.23	15.68	15.02	15.35	5177582
2021-07-18 00:00:00	15.35	16.08	15.16	15.47	3946721
2021-07-19 00:00:00	15.48	15.64	14.4	14.53	5829718
2021-07-20 00:00:00	14.53	14.78	13.38	13.74	7700533
2021-07-21 00:00:00	13.74	15.8	13.46	15.3	8493469
2021-07-22 00:00:00	15.3	16.18	14.96	16.07	5864792
2021-07-23 00:00:00	16.07	16.57	15.23	16.5	5208095
2021-07-24 00:00:00	16.51	17.13	16.31	16.68	5410957
2021-07-25 00:00:00	16.69	17.06	16.16	16.75	4709005
2021-07-26 00:00:00	16.75	19.96	16.66	18.03	14210865
2021-07-27 00:00:00	18.03	19.58	17.6	19.49	8327537
2021-07-28 00:00:00	19.48	19.99	18.61	19.11	7596814
2021-07-29 00:00:00	19.11	19.47	18.61	19.37	4161865
2021-07-30 00:00:00	19.37	22.67	18.82	22.27	12896589
2021-07-31 00:00:00	22.27	23.38	21.27	22.71	7637080
2021-08-01 00:00:00	22.72	23.94	21.79	22.06	8728670
2021-08-02 00:00:00	22.07	23.98	21.4	23.47	7225148
2021-08-03 00:00:00	23.47	24.43	22.04	23.94	9465495
2021-08-04 00:00:00	23.94	25	22.87	24.19	8225684
2021-08-05 00:00:00	24.19	24.34	22.47	24.06	7144806
2021-08-06 00:00:00	24.05	24.39	23	23.89	7433727
2021-08-07 00:00:00	23.89	25.16	23.63	24.69	6218242
2021-08-08 00:00:00	24.69	24.95	22.57	23.03	5179423
2021-08-09 00:00:00	23.03	24.69	22.07	24.2	5994901
2021-08-10 00:00:00	24.2	25.52	23.74	24.54	6592127
2021-08-11 00:00:00	24.54	27.31	24.46	25.91	7843618
2021-08-12 00:00:00	25.9	26.9	24.09	24.94	6385311
2021-08-13 00:00:00	24.94	27.77	24.72	27.75	4895848
2021-08-14 00:00:00	27.75	27.96	26.37	27.14	5870001
2021-08-15 00:00:00	27.14	27.98	25.9	27.9	4492545
2021-08-16 00:00:00	27.9	30.51	27.64	27.94	9364211
2021-08-17 00:00:00	27.95	30.3	25.88	26.15	9870188
2021-08-18 00:00:00	26.15	26.92	24.85	25.34	8437912
2021-08-19 00:00:00	25.34	27.13	24.48	27.1	7978813
2021-08-20 00:00:00	27.1	29.05	26.65	28.68	6765120
2021-08-21 00:00:00	28.68	29.16	27.65	27.84	5165754
2021-08-22 00:00:00	27.85	28.66	26.79	27.98	4266968
2021-08-23 00:00:00	27.98	29.3	27.78	28.55	6106378
2021-08-24 00:00:00	28.56	28.92	25.71	25.73	6394113
2021-08-25 00:00:00	25.73	26.88	25.28	26.61	5810301
2021-08-26 00:00:00	26.61	26.94	23.88	24.39	5809632
2021-08-27 00:00:00	24.38	26.14	24	26.04	5116818
2021-08-28 00:00:00	26.05	26.2	25.36	25.73	2939700
2021-08-29 00:00:00	25.74	26.57	25.14	25.76	3385005
2021-08-30 00:00:00	25.77	26.49	24.3	25.04	4514631
2021-08-31 00:00:00	25.03	27.54	24.69	26.7	7673624
2021-09-01 00:00:00	26.7	29.81	26.09	29.72	8266721
2021-09-02 00:00:00	29.72	30.88	28.75	29.95	7084210
2021-09-03 00:00:00	29.95	31.75	29.05	30.75	6866913
2021-09-04 00:00:00	30.75	31.17	29.39	29.88	4242358
2021-09-05 00:00:00	29.89	33.61	29.54	33.55	5892010
2021-09-06 00:00:00	33.54	36.33	32.44	34.81	10355296
2021-09-07 00:00:00	34.8	35.34	23.79	28.26	22716453
2021-09-08 00:00:00	28.25	29.19	25.18	27.16	13670736
2021-09-09 00:00:00	27.17	30.18	26.46	28.01	10379392
2021-09-10 00:00:00	28.01	29.56	25.62	26.39	9834580
2021-09-11 00:00:00	26.39	27.71	26.25	26.99	4993804
2021-09-12 00:00:00	27	29.77	26.36	29.42	6990739
2021-09-13 00:00:00	29.42	29.95	25.17	26.96	13538158
2021-09-14 00:00:00	26.96	30.85	26.73	30.8	10233591
2021-09-15 00:00:00	30.78	31.46	29.57	30.67	9772311
2021-09-16 00:00:00	30.68	32.11	29.04	29.8	9659777
2021-09-17 00:00:00	29.81	30.12	27.38	27.72	7110413
2021-09-18 00:00:00	27.73	29.46	27.39	28.39	4567842
2021-09-19 00:00:00	28.39	28.8	26.93	27.36	3892767
2021-09-20 00:00:00	27.37	27.43	23	23.57	12265540
2021-09-21 00:00:00	23.57	24.39	20.82	21.42	11263598
2021-09-22 00:00:00	21.42	24.5	21.03	24.45	7772119
2021-09-23 00:00:00	24.45	25.48	23.39	25.41	6813498
2021-09-24 00:00:00	25.42	25.5	21.35	23.26	10530584
2021-09-25 00:00:00	23.26	24.7	22.03	24.51	6978864
2021-09-26 00:00:00	24.5	25.38	22.36	24.6	11996437
2021-09-27 00:00:00	24.59	25.47	22.96	23.01	5674033
2021-09-28 00:00:00	23.02	23.75	22	22.1	6277202
2021-09-29 00:00:00	22.09	23.93	22.01	22.85	5352519
2021-09-30 00:00:00	22.85	24.4	22.72	24	5584624
2021-10-01 00:00:00	24	26.7	23.59	26.31	7425334
2021-10-02 00:00:00	26.32	27.81	25.82	26.89	5235605
2021-10-03 00:00:00	26.88	28.16	26.5	27.57	4506844
2021-10-04 00:00:00	27.56	27.67	25.59	26.6	5539720
2021-10-05 00:00:00	26.62	27.49	26.19	27.23	5120019
2021-10-06 00:00:00	27.23	28.19	25.2	26.8	6976286
2021-10-07 00:00:00	26.8	27.71	25.9	26.83	6025851
2021-10-08 00:00:00	26.84	27.46	26.12	26.39	4972763
2021-10-09 00:00:00	26.4	27.89	26.05	27.45	4731202
2021-10-10 00:00:00	27.45	27.49	25.44	25.56	3914428
2021-10-11 00:00:00	25.55	26.76	24.63	25.22	4293269
2021-10-12 00:00:00	25.22	25.27	23.53	24.65	5370955
2021-10-13 00:00:00	24.63	25.67	24.16	25.66	6207307
2021-10-14 00:00:00	25.67	27.88	25.38	26.72	7753992
2021-10-15 00:00:00	26.71	27.38	26.01	27.01	7635048
2021-10-16 00:00:00	27.01	28.7	26.92	27.23	6223186
2021-10-17 00:00:00	27.22	27.63	25.58	26.54	4590084
2021-10-18 00:00:00	26.54	26.74	25.26	25.71	4419694
2021-10-19 00:00:00	25.71	26.29	25.36	25.91	3568796
2021-10-20 00:00:00	25.9	27.66	25.85	27.49	4477072
2021-10-21 00:00:00	27.48	29.34	27.19	28.26	9719234
2021-10-22 00:00:00	28.27	30.04	28.02	28.67	7699305
2021-10-23 00:00:00	28.68	31.46	28.3	31.36	8142382
2021-10-24 00:00:00	31.37	31.53	28.72	29.7	5743462
2021-10-25 00:00:00	29.71	32.9	29.53	32.38	7440452
2021-10-26 00:00:00	32.38	33.82	31.31	32.52	6553811
2021-10-27 00:00:00	32.52	33.91	27.91	28.88	12021510
2021-10-28 00:00:00	28.89	30.85	28.61	30.19	7186592
2021-10-29 00:00:00	30.19	31.96	29.94	30.96	5402676
2021-10-30 00:00:00	30.96	31.12	29.16	29.79	3768922
2021-10-31 00:00:00	29.78	30.68	28.65	30	4380484
2021-11-01 00:00:00	30	31.87	29.14	31.66	4961733
2021-11-02 00:00:00	31.67	32.48	31	32.26	4634443
2021-11-03 00:00:00	32.27	32.78	30.54	31.96	4909016
2021-11-04 00:00:00	31.97	32.11	30.2	31	3782750
2021-11-05 00:00:00	30.99	33.71	30.66	32.86	6695608
2021-11-06 00:00:00	32.86	33.2	30.72	32.05	4479345
2021-11-07 00:00:00	32.05	32.59	31.71	32.34	2854704
2021-11-08 00:00:00	32.34	34.82	32.18	34.46	6265167
2021-11-09 00:00:00	34.46	35.62	33.38	33.82	5454381
2021-11-10 00:00:00	33.82	38.31	31.9	34.21	13584938
2021-11-11 00:00:00	34.21	36.95	33.34	34.69	7609011
2021-11-12 00:00:00	34.68	35.46	32.67	34.26	5997089
2021-11-13 00:00:00	34.26	34.58	33.19	34	3374284
2021-11-14 00:00:00	34	34.43	32.53	33.75	2898749
2021-11-15 00:00:00	33.75	34.5	31.98	32.04	4212727
2021-11-16 00:00:00	32.05	32.06	28	29.16	10287032
2021-11-17 00:00:00	29.16	29.74	28.03	29.18	5076714
2021-11-18 00:00:00	29.19	29.72	25.82	26.55	7061920
2021-11-19 00:00:00	26.55	28.85	26.08	28.27	5005686
2021-11-20 00:00:00	28.27	28.72	27.26	28.36	4535934
2021-11-21 00:00:00	28.37	29.26	27.69	28.98	3837706
2021-11-22 00:00:00	29	29.09	26.31	26.77	4773851
2021-11-23 00:00:00	26.77	27.57	26.17	26.94	4650582
2021-11-24 00:00:00	26.94	27.15	25.15	25.58	4968993
2021-11-25 00:00:00	25.58	27.61	25.37	26.41	5650402
2021-11-26 00:00:00	26.41	26.59	22.9	23.96	10693215
2021-11-27 00:00:00	23.96	24.99	23.78	24.1	3976341
2021-11-28 00:00:00	24.09	25.01	22.63	24.76	4563717
2021-11-29 00:00:00	24.76	25.61	24.54	24.99	4733423
2021-11-30 00:00:00	24.99	26.52	24.11	25.31	5806324
2021-12-01 00:00:00	25.31	26.9	24.96	25.32	4642164
2021-12-02 00:00:00	25.32	25.33	24.16	24.55	3910805
2021-12-03 00:00:00	24.54	25.85	22.44	23.31	5725505
2021-12-04 00:00:00	23.31	23.36	15.32	20.64	20782040
2021-12-05 00:00:00	20.65	20.93	18.46	19.48	7454774
2021-12-06 00:00:00	19.49	20.01	17.21	19.8	8513463
2021-12-07 00:00:00	19.79	21.18	19.7	21.09	7483039
2021-12-08 00:00:00	21.08	23.2	20.75	22.91	11114865
2021-12-09 00:00:00	22.91	23.05	20.25	20.25	8209157
2021-12-10 00:00:00	20.25	20.88	18.46	18.56	7767661
2021-12-11 00:00:00	18.55	20.22	18.16	19.97	5569585
2021-12-12 00:00:00	19.97	20.8	19.2	20.41	3211946
2021-12-13 00:00:00	20.41	20.56	17.3	17.78	7023127
2021-12-14 00:00:00	17.78	18.61	17.44	18.44	5680011
2021-12-15 00:00:00	18.43	20	17.26	19.69	7026875
2021-12-16 00:00:00	19.7	20.34	18.69	18.76	4944606
2021-12-17 00:00:00	18.77	19.23	17.74	18.25	5459435
2021-12-18 00:00:00	18.26	20	17.81	19.54	5363232
2021-12-19 00:00:00	19.53	20.38	18.8	18.86	4919490
2021-12-20 00:00:00	18.86	19.2	18.04	18.78	5053041
2021-12-21 00:00:00	18.79	19.67	18.37	19.42	3668040
2021-12-22 00:00:00	19.41	20.83	19.2	19.93	5033204
2021-12-23 00:00:00	19.92	22.22	19.57	22.17	7580621
2021-12-24 00:00:00	22.18	22.66	21.2	21.48	5593747
2021-12-25 00:00:00	21.48	22.39	21.29	22.1	3224150
2021-12-26 00:00:00	22.11	23.58	21.12	22.98	6566884
2021-12-27 00:00:00	22.99	24.49	22.75	23.02	6523733
2021-12-28 00:00:00	23.02	23.02	20.32	20.37	9023667
2021-12-29 00:00:00	20.38	20.97	19.53	19.74	6952554
2021-12-30 00:00:00	19.74	20.44	19.17	19.93	6010035
2021-12-31 00:00:00	19.94	20.63	19.04	19.51	5579665
2022-01-01 00:00:00	19.52	20.79	19.5	20.76	3460190
2022-01-02 00:00:00	20.75	22.2	20.57	21.87	5109512
2022-01-03 00:00:00	21.86	23.75	21.25	23.72	7983582
2022-01-04 00:00:00	23.72	24.49	22.71	23.42	10785480
2022-01-05 00:00:00	23.43	27.48	22.29	25.24	24290067
2022-01-06 00:00:00	25.24	25.98	23.34	25.38	17087651
2022-01-07 00:00:00	25.39	27.33	22.65	25.98	22034055
2022-01-08 00:00:00	25.98	27.33	23.51	25.32	15635869
2022-01-09 00:00:00	25.31	28.68	25.08	27.54	18631168
2022-01-10 00:00:00	27.54	28.51	25.07	27.98	18517223
2022-01-11 00:00:00	27.98	28.71	25.84	26.59	13498964
2022-01-12 00:00:00	26.6	27.25	25.61	26.75	10320454
2022-01-13 00:00:00	26.76	26.76	24.43	24.86	7891092
2022-01-14 00:00:00	24.86	25.89	23.91	25.72	6489324
2022-01-15 00:00:00	25.72	26.22	25.11	25.17	4142193
2022-01-16 00:00:00	25.17	26.34	24.65	25.5	4416665
2022-01-17 00:00:00	25.51	25.62	23.27	23.79	4472594
2022-01-18 00:00:00	23.79	24.34	22.04	22.96	4911588
2022-01-19 00:00:00	22.96	23.15	21.22	21.55	5689390
2022-01-20 00:00:00	21.54	22.98	20.04	20.17	5603988
2022-01-21 00:00:00	20.18	20.51	17.1	17.42	14621898
2022-01-22 00:00:00	17.41	17.82	14.24	15.85	18934858
2022-01-23 00:00:00	15.86	16.88	15.15	16.64	9534360
2022-01-24 00:00:00	16.63	16.65	13.48	15.58	14744277
2022-01-25 00:00:00	15.58	16.03	14.59	15.49	7694746
2022-01-26 00:00:00	15.5	16.8	14.68	15.23	9795462
2022-01-27 00:00:00	15.23	15.71	14.29	15.22	8537011
2022-01-28 00:00:00	15.22	16.28	14.74	16.15	6246877
2022-01-29 00:00:00	16.14	16.75	15.96	16.23	3921168
2022-01-30 00:00:00	16.23	18.1	16.01	17.77	7594153
2022-01-31 00:00:00	17.76	17.88	16.45	17.15	7696144
2022-02-01 00:00:00	17.15	17.91	16.8	16.98	5924292
2022-02-02 00:00:00	16.98	17.38	15.56	15.78	4741763
2022-02-03 00:00:00	15.78	16.33	15.26	16.3	5327930
2022-02-04 00:00:00	16.31	17.55	16	17.5	5829865
2022-02-05 00:00:00	17.5	18.32	17.42	17.76	5007471
2022-02-06 00:00:00	17.75	18.17	17.17	18.07	3115176
2022-02-07 00:00:00	18.06	19.4	17.65	18.88	6243639
2022-02-08 00:00:00	18.89	19.54	17.72	18.38	6604292
2022-02-09 00:00:00	18.38	18.75	17.75	18.67	3743198
2022-02-10 00:00:00	18.67	18.75	17.35	17.5	5797350
2022-02-11 00:00:00	17.51	17.81	15.89	16.21	4469201
2022-02-12 00:00:00	16.2	16.38	15.56	15.95	4162591
2022-02-13 00:00:00	15.96	16.33	15.52	15.6	2671996
2022-02-14 00:00:00	15.61	16.12	15.2	15.9	3639339
2022-02-15 00:00:00	15.91	17.45	15.81	17.34	4133464
2022-02-16 00:00:00	17.34	17.41	16.49	17.12	3609634
2022-02-17 00:00:00	17.13	17.45	15.45	15.59	4928191
2022-02-18 00:00:00	15.6	16.06	15.03	15.19	3856648
2022-02-19 00:00:00	15.18	15.68	14.84	15.51	3220499
2022-02-20 00:00:00	15.52	15.53	14.39	14.6	3838389
2022-02-21 00:00:00	14.61	15.31	13.38	13.51	7373690
2022-02-22 00:00:00	13.5	14.2	13.02	13.99	5857067
2022-02-23 00:00:00	13.98	14.66	13.3	13.35	5113227
2022-02-24 00:00:00	13.34	13.95	11.4	13.27	15763216
2022-02-25 00:00:00	13.27	14.49	13.08	14.36	6031650
2022-02-26 00:00:00	14.36	15.05	14.09	14.72	5170029
2022-02-27 00:00:00	14.71	14.86	13.47	13.64	6637515
2022-02-28 00:00:00	13.64	15.15	13.31	15.13	6565987
2022-03-01 00:00:00	15.12	15.73	14.72	15.35	6418018
2022-03-02 00:00:00	15.34	15.87	14.91	15.28	6289772
2022-03-03 00:00:00	15.29	15.38	14.46	14.89	4620653
2022-03-04 00:00:00	14.89	14.98	13.54	13.73	6010888
2022-03-05 00:00:00	13.74	14.27	13.41	14.03	2775706
2022-03-06 00:00:00	14.02	14.12	13.25	13.32	3536328
2022-03-07 00:00:00	13.31	13.67	12.42	12.68	7303682
2022-03-08 00:00:00	12.67	13.56	12.58	13.08	6878129
2022-03-09 00:00:00	13.08	14.46	13.05	14.01	6463395
2022-03-10 00:00:00	14	14.11	12.96	13.17	5468408
2022-03-11 00:00:00	13.18	13.65	12.8	13.05	4658237
2022-03-12 00:00:00	13.04	13.46	13.02	13.15	2500167
2022-03-13 00:00:00	13.15	13.43	12.59	12.7	2733204
2022-03-14 00:00:00	12.71	13.44	12.6	13.41	4644077
2022-03-15 00:00:00	13.41	13.8	12.87	13.69	3454807
2022-03-16 00:00:00	13.69	14.78	13.66	14.66	6547496
2022-03-17 00:00:00	14.66	14.93	14.23	14.4	4152893
2022-03-18 00:00:00	14.41	15.27	14.12	15.01	4421820
2022-03-19 00:00:00	15	15.4	14.83	15.01	3285967
2022-03-20 00:00:00	15.01	15.13	14.42	14.54	2884652
2022-03-21 00:00:00	14.54	15.28	14.3	15	3720277
2022-03-22 00:00:00	14.99	15.86	14.98	15.43	4501012
2022-03-23 00:00:00	15.43	15.98	15.13	15.83	3827777
2022-03-24 00:00:00	15.84	16.44	15.6	16.17	5205708
2022-03-25 00:00:00	16.16	16.46	15.47	15.59	4654953
2022-03-26 00:00:00	15.6	15.96	15.49	15.83	2425756
2022-03-27 00:00:00	15.83	16.91	15.63	16.87	3938192
2022-03-28 00:00:00	16.86	17.37	16.34	16.5	5919324
2022-03-29 00:00:00	16.5	17.52	16.47	16.98	4497276
2022-03-30 00:00:00	16.98	17.58	16.53	17.22	4867406
2022-03-31 00:00:00	17.21	18.05	16.64	16.91	5771406
2022-04-01 00:00:00	16.91	17.37	16.16	17.34	4522623
2022-04-02 00:00:00	17.34	17.87	17.1	17.4	3634785
2022-04-03 00:00:00	17.4	18.32	17.15	18.08	3431611
2022-04-04 00:00:00	18.07	18.08	16.82	17.5	3811855
2022-04-05 00:00:00	17.51	17.66	16.66	16.74	2337800
2022-04-06 00:00:00	16.75	16.79	15.27	15.41	4630459
2022-04-07 00:00:00	15.41	15.88	15.1	15.75	2868569
2022-04-08 00:00:00	15.74	15.91	15.01	15.13	2321855
2022-04-09 00:00:00	15.12	15.47	15.12	15.43	1367429
2022-04-10 00:00:00	15.43	15.93	15.17	15.24	1612023
2022-04-11 00:00:00	15.23	15.28	13.51	13.76	3982841
2022-04-12 00:00:00	13.76	14.33	13.63	13.98	2650258
2022-04-13 00:00:00	13.98	14.22	13.68	14.19	2229303
2022-04-14 00:00:00	14.2	14.33	13.33	13.65	2906016
2022-04-15 00:00:00	13.64	14.19	13.63	14.11	1820158
2022-04-16 00:00:00	14.11	14.28	13.83	14.14	1518143
2022-04-17 00:00:00	14.14	14.62	13.65	13.73	2636381
2022-04-18 00:00:00	13.72	14.06	13.14	14.06	3940790
2022-04-19 00:00:00	14.06	14.42	13.83	14.24	2270302
2022-04-20 00:00:00	14.24	14.5	13.7	14.02	3260033
2022-04-21 00:00:00	14.02	14.37	13.34	13.57	2983597
2022-04-22 00:00:00	13.57	13.88	13.47	13.58	2459293
2022-04-23 00:00:00	13.58	13.68	13.18	13.31	1566988
2022-04-24 00:00:00	13.32	13.63	13.21	13.26	1810679
2022-04-25 00:00:00	13.27	13.51	12.53	13.44	4159111
2022-04-26 00:00:00	13.44	13.51	12.14	12.37	3284422
2022-04-27 00:00:00	12.36	12.8	12.3	12.74	3203493
2022-04-28 00:00:00	12.74	12.99	12.4	12.66	3668541
2022-04-29 00:00:00	12.66	12.73	11.83	11.97	3051177
2022-04-30 00:00:00	11.98	12.25	10.65	10.95	4337040
2022-05-01 00:00:00	10.96	11.5	10.81	11.31	4020803
2022-05-02 00:00:00	11.3	11.45	10.77	11.17	3938458
2022-05-03 00:00:00	11.17	11.5	10.8	11.12	3860977
2022-05-04 00:00:00	11.13	12.23	11.08	12.2	4762758
2022-05-05 00:00:00	12.2	12.29	10.63	10.91	6347039
2022-05-06 00:00:00	10.91	11.03	10.4	10.79	5328466
2022-05-07 00:00:00	10.78	10.84	10	10.21	2641730
2022-05-08 00:00:00	10.21	10.38	9.84	10	4022155
2022-05-09 00:00:00	10	10.16	8.01	8.1	11099442
2022-05-10 00:00:00	8.1	9.33	7.89	8.59	13986440
2022-05-11 00:00:00	8.58	8.85	6.54	6.95	18695358
2022-05-12 00:00:00	6.95	7.43	5.53	6.56	20650364
2022-05-13 00:00:00	6.57	7.8	6.48	7.15	9753230
2022-05-14 00:00:00	7.14	7.44	6.64	7.26	5662532
2022-05-15 00:00:00	7.26	7.99	7.01	7.96	5055320
2022-05-16 00:00:00	7.97	7.97	7.16	7.42	7683222
2022-05-17 00:00:00	7.42	7.98	7.3	7.72	5288040
2022-05-18 00:00:00	7.72	7.81	6.78	6.81	5451194
2022-05-19 00:00:00	6.81	7.26	6.64	7.22	5892512
2022-05-20 00:00:00	7.23	7.37	6.75	6.87	5327110
2022-05-21 00:00:00	6.86	7.12	6.77	7.06	2166145
2022-05-22 00:00:00	7.05	7.41	6.92	7.33	5526498
2022-05-23 00:00:00	7.32	7.68	6.98	7.02	5136841
2022-05-24 00:00:00	7.03	7.81	6.72	7.23	5998489
2022-05-25 00:00:00	7.23	7.4	6.94	6.96	4739616
2022-05-26 00:00:00	6.96	7.09	6.22	6.57	6012265
2022-05-27 00:00:00	6.57	6.71	6.2	6.29	6404410
2022-05-28 00:00:00	6.29	6.66	6.21	6.58	3598083
2022-05-29 00:00:00	6.58	6.75	6.34	6.71	2495850
2022-05-30 00:00:00	6.72	7.52	6.65	7.46	5964804
2022-05-31 00:00:00	7.45	7.73	7.18	7.59	5256922
2022-06-01 00:00:00	7.59	7.77	6.75	6.93	6437224
2022-06-02 00:00:00	6.93	7.25	6.81	7.19	3847256
2022-06-03 00:00:00	7.19	7.22	6.69	6.85	3739615
2022-06-04 00:00:00	6.86	7.44	6.68	7.4	3007706
2022-06-05 00:00:00	7.41	7.89	7.25	7.64	5205601
2022-06-06 00:00:00	7.64	8.2	7.62	7.97	6806415
2022-06-07 00:00:00	7.98	9	7.31	8.71	11450622
2022-06-08 00:00:00	8.72	9	8.23	8.7	12751943
2022-06-09 00:00:00	8.71	9.64	8.49	9.27	12152134
2022-06-10 00:00:00	9.27	9.54	8	8.04	12553946
2022-06-11 00:00:00	8.04	8.42	6.94	7.04	12080253
2022-06-12 00:00:00	7.04	7.14	6.25	6.27	10759075
2022-06-13 00:00:00	6.26	6.35	5.3	5.93	23704671
2022-06-14 00:00:00	5.92	6.88	5.39	6.74	22195857
2022-06-15 00:00:00	6.73	7.38	5.83	7.33	28805620
2022-06-16 00:00:00	7.33	7.51	6.2	6.36	16786487
2022-06-17 00:00:00	6.36	6.74	6.26	6.36	8044861
2022-06-18 00:00:00	6.36	6.47	5.41	5.92	15949658
2022-06-19 00:00:00	5.92	6.82	5.83	6.6	9868495
2022-06-20 00:00:00	6.6	7.29	6.31	6.98	10166654
2022-06-21 00:00:00	6.98	7.57	6.75	6.86	9464377
2022-06-22 00:00:00	6.86	7.03	6.44	6.63	8514304
2022-06-23 00:00:00	6.62	7.09	6.61	6.99	6673168
2022-06-24 00:00:00	6.99	7.44	6.95	7.26	6467479
2022-06-25 00:00:00	7.27	7.38	6.79	7.26	5651837
2022-06-26 00:00:00	7.27	7.49	6.68	6.7	5601490
2022-06-27 00:00:00	6.7	6.99	6.41	6.55	6502061
2022-06-28 00:00:00	6.56	7.26	6.27	6.32	10658333
2022-06-29 00:00:00	6.32	6.49	6.13	6.23	6959330
2022-06-30 00:00:00	6.23	6.32	5.88	6.27	6705486
2022-07-01 00:00:00	6.27	6.43	5.93	6.08	6545219
2022-07-02 00:00:00	6.07	6.29	5.98	6.22	2770502
2022-07-03 00:00:00	6.23	6.25	6.01	6.22	2777750
2022-07-04 00:00:00	6.22	6.46	6.02	6.43	4521292
2022-07-05 00:00:00	6.43	6.56	6.06	6.31	5815365
2022-07-06 00:00:00	6.31	6.42	6.17	6.34	3957382
2022-07-07 00:00:00	6.34	6.76	6.31	6.64	4476195
2022-07-08 00:00:00	6.64	6.84	6.33	6.36	6115732
2022-07-09 00:00:00	6.35	6.59	6.34	6.48	2688275
2022-07-10 00:00:00	6.49	6.49	6.1	6.2	3373761
2022-07-11 00:00:00	6.2	6.43	5.98	6.04	4877163
2022-07-12 00:00:00	6.05	6.24	5.92	5.94	3788171
2022-07-13 00:00:00	5.95	6.19	5.7	6.18	6782249
2022-07-14 00:00:00	6.18	6.39	5.99	6.28	7060078
2022-07-15 00:00:00	6.28	6.46	6.12	6.33	9990261
2022-07-16 00:00:00	6.33	6.62	6.14	6.6	6864765
2022-07-17 00:00:00	6.6	6.72	6.32	6.35	5346562
2022-07-18 00:00:00	6.35	7.15	6.33	7.04	10406585
2022-07-19 00:00:00	7.04	7.37	6.73	7.25	11658108
2022-07-20 00:00:00	7.26	7.58	6.83	6.87	9618278
2022-07-21 00:00:00	6.87	7.06	6.65	6.99	6369550
2022-07-22 00:00:00	6.99	7.29	6.74	6.78	6994952
2022-07-23 00:00:00	6.78	7.03	6.61	6.84	4233409
2022-07-24 00:00:00	6.84	7.25	6.84	7.09	4995330
2022-07-25 00:00:00	7.09	7.15	6.41	6.43	6145177
2022-07-26 00:00:00	6.43	6.45	6.08	6.34	5501668
2022-07-27 00:00:00	6.34	6.87	6.19	6.86	5426844
2022-07-28 00:00:00	6.86	7.3	6.68	7.22	6860041
2022-07-29 00:00:00	7.22	8.12	7.11	7.88	12770541
2022-07-30 00:00:00	7.88	8.21	7.67	7.82	8375554
2022-07-31 00:00:00	7.82	8.09	7.58	7.65	6186202
2022-08-01 00:00:00	7.65	7.88	7.41	7.57	5133954
2022-08-02 00:00:00	7.57	7.67	7.02	7.18	7190689
2022-08-03 00:00:00	7.18	7.64	7.05	7.28	4538643
2022-08-04 00:00:00	7.28	7.54	7.18	7.36	3905475
2022-08-05 00:00:00	7.36	7.9	7.35	7.88	5244612
2022-08-06 00:00:00	7.88	8.11	7.74	7.79	3211493
2022-08-07 00:00:00	7.79	8.38	7.66	8.34	4207484
2022-08-08 00:00:00	8.34	8.78	8.22	8.61	8107206
2022-08-09 00:00:00	8.61	8.95	8.27	8.74	9851761
2022-08-10 00:00:00	8.74	9.3	8.3	9.06	9015200
2022-08-11 00:00:00	9.06	9.23	8.82	8.96	6037356
2022-08-12 00:00:00	8.96	9.5	8.8	9.32	7822002
2022-08-13 00:00:00	9.33	9.48	9.06	9.14	3781326
2022-08-14 00:00:00	9.15	9.37	8.68	8.77	4420192
2022-08-15 00:00:00	8.77	9.06	8.49	8.65	5174957
2022-08-16 00:00:00	8.64	8.83	8.37	8.45	3458802
2022-08-17 00:00:00	8.45	8.75	7.99	8.06	5049321
2022-08-18 00:00:00	8.06	8.24	7.62	7.65	3943268
2022-08-19 00:00:00	7.65	7.7	6.82	6.9	8504381
2022-08-20 00:00:00	6.9	7.21	6.66	6.9	5184241
2022-08-21 00:00:00	6.9	7.18	6.88	7.08	3495037
2022-08-22 00:00:00	7.08	7.09	6.68	7.04	3717794
2022-08-23 00:00:00	7.04	7.36	6.77	7.24	4172145
2022-08-24 00:00:00	7.24	7.38	7.02	7.12	2677816
2022-08-25 00:00:00	7.12	7.37	7	7.12	3855083
2022-08-26 00:00:00	7.13	7.19	6.4	6.5	5883585
2022-08-27 00:00:00	6.5	6.61	6.41	6.53	3262557
2022-08-28 00:00:00	6.53	6.63	6.23	6.26	3411292
2022-08-29 00:00:00	6.26	6.73	6.2	6.7	3497767
2022-08-30 00:00:00	6.7	6.83	6.37	6.56	3526831
2022-08-31 00:00:00	6.56	6.9	6.55	6.63	3746007
2022-09-01 00:00:00	6.63	6.96	6.45	6.93	3358803
2022-09-02 00:00:00	6.92	7.24	6.79	6.93	3996393
2022-09-03 00:00:00	6.93	6.97	6.72	6.86	1633419
2022-09-04 00:00:00	6.86	7.28	6.79	7.16	4064699
2022-09-05 00:00:00	7.15	7.42	7.09	7.38	4038750
2022-09-06 00:00:00	7.38	7.57	6.58	6.66	5614988
2022-09-07 00:00:00	6.66	7.15	6.57	7.09	4856650
2022-09-08 00:00:00	7.09	7.5	7.01	7.41	5886942
2022-09-09 00:00:00	7.41	8.1	7.39	7.74	7481676
2022-09-10 00:00:00	7.75	8.03	7.62	7.9	6042534
2022-09-11 00:00:00	7.91	8.17	7.73	8.03	5047568
2022-09-12 00:00:00	8.03	8.3	7.61	7.76	6492543
2022-09-13 00:00:00	7.76	7.96	7.02	7.03	7209209
2022-09-14 00:00:00	7.02	7.54	6.98	7.46	5914331
2022-09-15 00:00:00	7.45	7.61	7.01	7.57	7093248
2022-09-16 00:00:00	7.57	7.8	7.42	7.66	6627180
2022-09-17 00:00:00	7.66	8.14	7.64	8.09	5063131
2022-09-18 00:00:00	8.09	8.14	7.4	7.52	5467050
2022-09-19 00:00:00	7.52	7.68	7.01	7.3	7816843
2022-09-20 00:00:00	7.3	7.34	6.81	6.88	5309740
2022-09-21 00:00:00	6.88	7.32	6.52	6.68	8285157
2022-09-22 00:00:00	6.68	7.18	6.64	7.12	4570817
2022-09-23 00:00:00	7.12	7.49	6.96	7.45	7637034
2022-09-24 00:00:00	7.45	7.87	7.37	7.63	6936273
2022-09-25 00:00:00	7.63	8.08	7.56	7.87	8546676
2022-09-26 00:00:00	7.87	7.96	7.47	7.95	6540659
2022-09-27 00:00:00	7.94	8.4	7.65	8.06	11919454
2022-09-28 00:00:00	8.06	8.54	7.72	7.8	16017676
2022-09-29 00:00:00	7.8	7.95	7.57	7.9	7687552
2022-09-30 00:00:00	7.9	7.92	7.51	7.59	5589800
2022-10-01 00:00:00	7.58	7.65	7.31	7.39	3433200
2022-10-02 00:00:00	7.39	7.55	7.09	7.11	4104993
2022-10-03 00:00:00	7.11	7.35	7.01	7.33	5136575
2022-10-04 00:00:00	7.33	7.83	7.32	7.72	6320583
2022-10-05 00:00:00	7.72	7.94	7.59	7.88	6152270
2022-10-06 00:00:00	7.88	7.94	7.6	7.63	4060868
2022-10-07 00:00:00	7.63	7.8	7.47	7.61	4088541
2022-10-08 00:00:00	7.61	7.66	7.34	7.46	2060838
2022-10-09 00:00:00	7.46	7.66	7.42	7.63	1649813
2022-10-10 00:00:00	7.63	7.73	7.32	7.34	3593201
2022-10-11 00:00:00	7.33	7.38	7.07	7.14	4132787
2022-10-12 00:00:00	7.14	7.28	7.09	7.15	2205775
2022-10-13 00:00:00	7.15	7.16	6.31	7.03	7404169
2022-10-14 00:00:00	7.03	7.25	6.8	6.89	4418706
2022-10-15 00:00:00	6.89	6.99	6.82	6.89	1998533
2022-10-16 00:00:00	6.89	7.24	6.88	7.17	2251954
2022-10-17 00:00:00	7.17	7.37	7.07	7.33	3223924
2022-10-18 00:00:00	7.33	7.37	6.96	7.13	3812892
2022-10-19 00:00:00	7.13	7.14	6.7	6.77	2899532
2022-10-20 00:00:00	6.77	6.91	6.6	6.66	3054465
2022-10-21 00:00:00	6.66	6.85	6.44	6.81	3885077
2022-10-22 00:00:00	6.81	6.93	6.73	6.87	1243208
2022-10-23 00:00:00	6.87	7.09	6.8	7.07	2604105
2022-10-24 00:00:00	7.07	7.09	6.79	6.91	3518258
2022-10-25 00:00:00	6.91	7.28	6.81	7.06	5408845
2022-10-26 00:00:00	7.06	7.29	7.03	7.16	4196211
2022-10-27 00:00:00	7.16	7.37	6.86	6.89	4319616
2022-10-28 00:00:00	6.89	7.2	6.83	7.11	3196569
2022-10-29 00:00:00	7.11	7.66	7.08	7.64	5923582
2022-10-30 00:00:00	7.64	7.93	7.48	7.78	6278104
2022-10-31 00:00:00	7.78	8.33	7.66	7.86	8477295
2022-11-01 00:00:00	7.85	7.92	7.63	7.68	3791192
2022-11-02 00:00:00	7.68	8	7.34	7.44	8338385
2022-11-03 00:00:00	7.44	8.02	7.39	7.72	8015094
2022-11-04 00:00:00	7.72	8.9	7.66	8.72	11887224
2022-11-05 00:00:00	8.72	9.01	8.56	8.66	6375878
2022-11-06 00:00:00	8.66	8.77	8.09	8.1	5402831
2022-11-07 00:00:00	8.1	9.26	7.9	8.96	11376796
2022-11-08 00:00:00	8.96	9.47	6.58	7.71	36115823
2022-11-09 00:00:00	7.71	7.9	5.78	6.23	23648176
2022-11-10 00:00:00	6.23	7.51	6.09	7.21	18632957
2022-11-11 00:00:00	7.21	7.34	6.51	7.04	11210956
2022-11-12 00:00:00	7.05	7.07	6.16	6.28	15182258
2022-11-13 00:00:00	6.28	6.55	5.94	6.08	7288748
2022-11-14 00:00:00	6.08	6.44	5.69	6.29	12214731
2022-11-15 00:00:00	6.29	6.67	6.21	6.42	9029220
2022-11-16 00:00:00	6.42	6.56	6.08	6.18	6292701
2022-11-17 00:00:00	6.18	6.34	6.03	6.23	4889134
2022-11-18 00:00:00	6.22	6.44	6.07	6.18	5217296
2022-11-19 00:00:00	6.18	6.22	5.99	6.15	2914332
2022-11-20 00:00:00	6.15	6.25	5.71	5.77	4953422
2022-11-21 00:00:00	5.77	5.9	5.53	5.88	7858814
2022-11-22 00:00:00	5.87	6.49	5.84	6.42	11892509
2022-11-23 00:00:00	6.42	6.81	6.34	6.71	9878130
2022-11-24 00:00:00	6.71	6.98	6.59	6.83	6713815
2022-11-25 00:00:00	6.83	6.99	6.66	6.85	5761731
2022-11-26 00:00:00	6.85	7.3	6.82	7.16	8068061
2022-11-27 00:00:00	7.16	7.28	6.86	6.9	4987259
2022-11-28 00:00:00	6.9	7.35	6.53	7.19	13592960
2022-11-29 00:00:00	7.19	7.51	7.12	7.32	9044030
2022-11-30 00:00:00	7.32	7.75	7.27	7.66	3163998
2022-12-01 00:00:00	7.67	7.8	7.47	7.68	15752
2022-12-02 00:00:00	7.67	7.71	7.5	7.62	7635
2022-12-03 00:00:00	7.62	7.62	7.22	7.26	6243
2022-12-04 00:00:00	7.27	7.46	7.19	7.46	5642
2022-12-05 00:00:00	7.43	7.59	7.16	7.28	15005
2022-12-06 00:00:00	7.29	7.33	6.97	7.13	17447
2022-12-07 00:00:00	7.14	7.15	6.77	6.9	24368
2022-12-08 00:00:00	6.87	7.06	6.79	7.01	6439
2022-12-09 00:00:00	7	7.05	6.8	6.87	6036
2022-12-10 00:00:00	6.83	7	6.71	6.88	14107
2022-12-11 00:00:00	6.86	6.95	6.66	6.72	12815
2022-12-12 00:00:00	6.68	6.72	6.47	6.68	7156
2022-12-13 00:00:00	6.7	7.04	6.48	6.91	27897
2022-12-14 00:00:00	6.92	7	6.7	6.73	18166
2022-12-15 00:00:00	6.72	6.73	6.39	6.45	7729
2022-12-16 00:00:00	6.46	6.53	5.17	5.92	42265
2022-12-17 00:00:00	5.9	6.07	5.8	6.04	21877
2022-12-18 00:00:00	6.06	6.06	5.93	5.94	4854
2022-12-19 00:00:00	5.99	6.06	5.68	5.77	17657
2022-12-20 00:00:00	5.81	6.12	5.77	6.04	21695
2022-12-21 00:00:00	6.04	6.04	5.88	5.97	3309
2022-12-22 00:00:00	5.99	6.03	5.86	6.01	5834
2022-12-23 00:00:00	6	6.04	5.92	5.92	1420
2022-12-24 00:00:00	5.96	5.97	5.89	5.91	764
2022-12-25 00:00:00	5.9	5.99	5.89	5.99	2265
2022-12-26 00:00:00	5.97	6.05	5.95	6.05	947
2022-12-27 00:00:00	6.03	6.05	5.86	5.9	3047
2022-12-28 00:00:00	5.9	5.9	5.63	5.66	20287
2022-12-29 00:00:00	5.67	5.73	5.51	5.6	8608
2022-12-30 00:00:00	5.6	5.63	5.43	5.47	11027
2022-12-31 00:00:00	5.45	5.62	5.4	5.56	25653
2023-01-01 00:00:00	5.57	5.64	5.48	5.62	7438
2023-01-02 00:00:00	5.63	5.75	5.55	5.71	4109
2023-01-03 00:00:00	5.69	5.72	5.58	5.59	7064
2023-01-04 00:00:00	5.63	5.85	5.59	5.81	5570
2023-01-05 00:00:00	5.8	5.81	5.59	5.65	6242
2023-01-06 00:00:00	5.64	5.72	5.53	5.69	9762
2023-01-07 00:00:00	5.69	5.84	5.69	5.84	8217
2023-01-08 00:00:00	5.85	5.97	5.75	5.97	6397
2023-01-09 00:00:00	5.98	6.26	5.92	6.06	24928
2023-01-10 00:00:00	6.09	6.29	5.98	6.16	11393
2023-01-11 00:00:00	6.16	6.29	6.02	6.29	19114
2023-01-12 00:00:00	6.29	6.4	6.07	6.39	19789
2023-01-13 00:00:00	6.39	6.62	6.27	6.61	13437
2023-01-14 00:00:00	6.62	7.11	6.49	6.85	44081
2023-01-15 00:00:00	6.88	6.92	6.61	6.67	8655
2023-01-16 00:00:00	6.7	6.95	6.42	6.65	27182
2023-01-17 00:00:00	6.65	7	6.58	6.82	17056
2023-01-18 00:00:00	6.81	6.98	6.31	6.36	33710
2023-01-19 00:00:00	6.38	6.54	6.32	6.5	9428
2023-01-20 00:00:00	6.53	6.97	6.42	6.95	29210
2023-01-21 00:00:00	6.92	7.1	6.81	6.88	34496
2023-01-22 00:00:00	6.88	7.27	6.79	6.98	28873
2023-01-23 00:00:00	6.99	7.23	6.86	7.04	20186
2023-01-24 00:00:00	7	7.2	6.58	6.66	25539
2023-01-25 00:00:00	6.66	7.09	6.52	6.97	32080
2023-01-26 00:00:00	6.98	7.31	6.83	7.15	18285
2023-01-27 00:00:00	7.17	7.5	6.95	7.38	30400
2023-01-28 00:00:00	7.38	7.5	7.13	7.22	13581
2023-01-29 00:00:00	7.2	7.51	7.15	7.38	15179
2023-01-30 00:00:00	7.38	7.43	6.79	6.9	22930
2023-01-31 00:00:00	6.92	7.18	6.87	6.96	17658
2023-02-01 00:00:00	6.96	7.28	6.68	7.22	17900
2023-02-02 00:00:00	7.21	7.48	7.06	7.08	37081
2023-02-03 00:00:00	7.12	7.33	7.02	7.31	9602
2023-02-04 00:00:00	7.29	7.35	0.07	7.24	42610
2023-02-05 00:00:00	7.21	7.24	6.89	6.99	7669
2023-02-06 00:00:00	7	7.05	6.77	6.84	5680
2023-02-07 00:00:00	6.85	7.2	6.84	7.2	28603
2023-02-08 00:00:00	7.21	7.3	6.97	7.14	41352
2023-02-09 00:00:00	7.13	7.82	6.87	6.97	111199
2023-02-10 00:00:00	6.96	7.11	6.79	6.91	14475
2023-02-11 00:00:00	6.93	7.03	6.85	7.03	2619
2023-02-12 00:00:00	6.99	7.08	6.7	6.78	9463
2023-02-13 00:00:00	6.82	6.84	6.43	6.67	11194
2023-02-14 00:00:00	6.66	6.83	6.49	6.81	11831
2023-02-15 00:00:00	6.82	7.31	6.74	7.29	23331
2023-02-16 00:00:00	7.28	7.48	7.01	7.02	21300
2023-02-17 00:00:00	7.01	7.71	6.98	7.66	14358
2023-02-18 00:00:00	7.66	8.26	7.52	8	31647
2023-02-19 00:00:00	7.99	8.29	6.19	8.02	52716
2023-02-20 00:00:00	8.04	8.39	7.74	8	15465
2023-02-21 00:00:00	8.02	8.07	7.51	7.64	34321
2023-02-22 00:00:00	7.64	7.72	7.3	7.69	17250
2023-02-23 00:00:00	7.72	8.2	7.67	7.96	30419
2023-02-24 00:00:00	7.93	8.14	7.25	7.44	29498
2023-02-25 00:00:00	7.47	7.49	7.19	7.39	6800
2023-02-26 00:00:00	7.37	7.54	7.3	7.47	6752
2023-02-27 00:00:00	7.47	7.51	7.14	7.26	10756
2023-02-28 00:00:00	7.29	7.42	7.11	7.18	9332
2023-03-01 00:00:00	7.17	7.54	7.13	7.54	11205
2023-03-02 00:00:00	7.55	7.58	7.16	7.23	4893
2023-03-03 00:00:00	7.23	7.23	6.67	6.95	33019
2023-03-04 00:00:00	6.94	7	6.72	6.85	5278
2023-03-05 00:00:00	6.83	7.01	6.83	6.91	2904
2023-03-06 00:00:00	6.94	6.99	6.83	6.86	4015
2023-03-07 00:00:00	6.86	6.97	6.56	6.89	20819
2023-03-08 00:00:00	6.89	6.94	6.51	6.59	27348
2023-03-09 00:00:00	6.57	6.68	6.04	6.16	14997
2023-03-10 00:00:00	6.11	6.26	5.92	6.21	14438
2023-03-11 00:00:00	6.23	6.39	5.92	6.17	16736
2023-03-12 00:00:00	6.16	6.57	6.08	6.55	16584
2023-03-13 00:00:00	6.56	6.88	6.4	6.75	31401
2023-03-14 00:00:00	6.76	7.19	6.62	6.95	29890
2023-03-15 00:00:00	6.98	7.1	6.4	6.54	18997
2023-03-16 00:00:00	6.55	6.68	6.46	6.68	3536
2023-03-17 00:00:00	6.67	7.25	6.6	7.21	14592
2023-03-18 00:00:00	7.18	7.31	6.87	6.9	16070
2023-03-19 00:00:00	6.94	7.27	6.9	7.06	9424
2023-03-20 00:00:00	7.09	7.43	6.93	7.01	9364
2023-03-21 00:00:00	7.06	7.46	6.85	7.41	14435
2023-03-22 00:00:00	7.4	7.71	7	7.18	20157
2023-03-23 00:00:00	7.18	7.63	7.1	7.62	9907
2023-03-24 00:00:00	7.63	7.65	7.12	7.19	10567
2023-03-25 00:00:00	7.19	7.25	6.98	7.08	3589
2023-03-26 00:00:00	7.08	7.28	7.08	7.27	2079
2023-03-27 00:00:00	7.27	7.27	6.76	6.88	6133
2023-03-28 00:00:00	6.83	7.04	6.76	6.95	2616
2023-03-29 00:00:00	6.96	7.49	6.93	7.36	12831
2023-03-30 00:00:00	7.39	7.54	7.14	7.23	7191
2023-03-31 00:00:00	7.25	7.67	7.23	7.59	11624
2023-04-01 00:00:00	7.59	7.63	7.44	7.54	2219
2023-04-02 00:00:00	7.51	7.54	7.2	7.26	2527
2023-04-03 00:00:00	7.22	7.44	7.03	7.22	11330
2023-04-04 00:00:00	7.22	7.48	7.22	7.38	5359
2023-04-05 00:00:00	7.37	7.6	7.22	7.31	8361
2023-04-06 00:00:00	7.32	7.32	7.13	7.2	1853
2023-04-07 00:00:00	7.19	7.29	7.12	7.29	737
2023-04-08 00:00:00	7.27	7.29	7.08	7.13	2299
2023-04-09 00:00:00	7.13	7.26	7.06	7.23	1255
2023-04-10 00:00:00	7.19	7.36	7	7.33	7663
2023-04-11 00:00:00	7.34	7.44	7.29	7.29	3775
2023-04-12 00:00:00	7.29	7.37	7.11	7.26	6286
2023-04-13 00:00:00	7.22	7.53	7.18	7.46	7173
2023-04-14 00:00:00	7.47	7.89	7.46	7.73	16502
2023-04-15 00:00:00	7.73	8.08	7.62	8.01	9857
2023-04-16 00:00:00	8.03	8.19	7.91	8.12	8159
2023-04-17 00:00:00	8.13	8.29	7.87	8.14	16925
2023-04-18 00:00:00	8.17	8.78	8.04	8.58	12343
2023-04-19 00:00:00	8.55	8.59	7.67	7.77	14129
2023-04-20 00:00:00	7.74	7.96	7.47	7.5	8412
2023-04-21 00:00:00	7.55	7.61	7.02	7.12	19840
2023-04-22 00:00:00	7.13	7.23	7.09	7.2	4506
2023-04-23 00:00:00	7.18	7.19	6.91	7.09	3806
2023-04-24 00:00:00	7.1	7.27	7.01	7.07	2887
2023-04-25 00:00:00	7.06	7.3	6.96	7.27	5615
2023-04-26 00:00:00	7.26	7.49	6.74	7	16634
2023-04-27 00:00:00	7	7.23	6.99	7.16	4022
2023-04-28 00:00:00	7.16	7.18	6.95	7.05	4513
2023-04-29 00:00:00	7.04	7.22	7	7.17	3035
2023-04-30 00:00:00	7.2	7.29	7.02	7.02	3868
2023-05-01 00:00:00	7.08	7.08	6.81	6.9	8323
2023-05-02 00:00:00	6.88	7.01	6.82	6.99	3872
2023-05-03 00:00:00	6.95	7.15	6.82	7.11	6849
2023-05-04 00:00:00	7.11	7.15	6.96	6.97	1655
2023-05-05 00:00:00	7	7.27	6.96	7.23	8502
2023-05-06 00:00:00	7.23	7.26	6.87	6.91	5489
2023-05-07 00:00:00	6.92	6.99	6.87	6.88	1207
2023-05-08 00:00:00	6.88	6.92	6.44	6.57	18545
2023-05-09 00:00:00	6.59	6.63	6.45	6.51	9339
2023-05-10 00:00:00	6.55	6.69	6.34	6.59	9308
2023-05-11 00:00:00	6.56	6.59	6.25	6.38	8165
2023-05-12 00:00:00	6.38	6.64	6.25	6.62	6988
2023-05-13 00:00:00	6.63	6.63	6.48	6.5	2037
2023-05-14 00:00:00	6.48	6.6	6.42	6.54	1892
2023-05-15 00:00:00	6.55	6.71	6.46	6.63	18108
2023-05-16 00:00:00	6.64	6.72	6.56	6.67	5249
2023-05-17 00:00:00	6.66	6.8	6.56	6.75	6907
2023-05-18 00:00:00	6.75	6.76	6.44	6.55	4955
2023-05-19 00:00:00	6.54	6.55	6.47	6.52	592
2023-05-20 00:00:00	6.52	6.54	6.49	6.5	983
2023-05-21 00:00:00	6.52	6.54	6.37	6.43	3083
2023-05-22 00:00:00	6.43	6.6	6.34	6.52	3433
2023-05-23 00:00:00	6.54	6.63	6.48	6.5	1066
2023-05-24 00:00:00	6.5	6.5	6.22	6.33	3154
2023-05-25 00:00:00	6.33	6.34	6.17	6.28	3034
2023-05-26 00:00:00	6.26	6.38	6.24	6.35	1640
2023-05-27 00:00:00	6.37	6.44	6.34	6.44	897
2023-05-28 00:00:00	6.44	6.65	6.44	6.63	2726
2023-05-29 00:00:00	6.64	6.67	6.53	6.63	2948
2023-05-30 00:00:00	6.64	6.67	6.54	6.6	1401
2023-05-31 00:00:00	6.6	6.63	6.4	6.48	5191
2023-06-01 00:00:00	6.49	6.51	6.32	6.34	2191
2023-06-02 00:00:00	6.33	6.47	6.31	6.45	1802
2023-06-03 00:00:00	6.45	6.45	6.36	6.41	2689
2023-06-04 00:00:00	6.42	6.53	6.41	6.45	1291
2023-06-05 00:00:00	6.44	6.48	5.96	6.06	12567
2023-06-06 00:00:00	6.06	6.31	6	6.24	13465
2023-06-07 00:00:00	6.25	6.26	5.78	5.87	34963
2023-06-08 00:00:00	5.86	6.03	5.83	5.99	6475
2023-06-09 00:00:00	5.97	6.04	5.7	5.85	31587
2023-06-10 00:00:00	5.9	5.98	4.97	5.3	38288
2023-06-11 00:00:00	5.26	5.33	5.09	5.15	6161
2023-06-12 00:00:00	5.14	5.17	5	5.1	9837
2023-06-13 00:00:00	5.12	5.39	5.07	5.27	24300
2023-06-14 00:00:00	5.29	5.48	5.16	5.21	26156
2023-06-15 00:00:00	5.23	5.41	5.17	5.29	11717
2023-06-16 00:00:00	5.27	5.38	5.13	5.31	3184
2023-06-17 00:00:00	5.31	5.39	5.28	5.29	10673
2023-06-18 00:00:00	5.27	5.33	5.17	5.17	12160
2023-06-19 00:00:00	5.18	5.2	5.01	5.12	8923
2023-06-20 00:00:00	5.15	5.27	5	5.25	10559
2023-06-21 00:00:00	5.25	5.67	5.24	5.56	23059
2023-06-22 00:00:00	5.56	5.82	5.54	5.58	19028
2023-06-23 00:00:00	5.59	6.15	5.58	6.04	17284
2023-06-24 00:00:00	6.04	6.18	5.93	6.15	7696
2023-06-25 00:00:00	6.13	6.37	6.07	6.13	17884
2023-06-26 00:00:00	6.12	6.25	6.01	6.05	7145
2023-06-27 00:00:00	6.05	6.24	6.04	6.18	15069
2023-06-28 00:00:00	6.18	6.2	5.75	5.81	15368
2023-06-29 00:00:00	5.82	6.17	5.79	5.88	8830
2023-06-30 00:00:00	5.89	6.44	5.78	6.29	34851
2023-07-01 00:00:00	6.33	6.51	6.13	6.49	10968
2023-07-02 00:00:00	6.51	6.56	6.34	6.54	12946
2023-07-03 00:00:00	6.54	6.69	6.48	6.62	15637
2023-07-04 00:00:00	6.61	6.62	6.41	6.52	5869
2023-07-05 00:00:00	6.52	6.57	6.21	6.29	36208
2023-07-06 00:00:00	6.27	6.49	6.09	6.09	17139
2023-07-07 00:00:00	6.08	6.22	6.04	6.15	7285
2023-07-08 00:00:00	6.14	6.22	6.09	6.19	11773
2023-07-09 00:00:00	6.19	6.23	6.11	6.12	21780
2023-07-10 00:00:00	6.14	6.3	6.03	6.16	18284
2023-07-11 00:00:00	6.17	6.22	6.14	6.21	11163
2023-07-12 00:00:00	6.21	6.33	6.2	6.24	8654
2023-07-13 00:00:00	6.25	7.04	6.21	7.03	32558
2023-07-14 00:00:00	7.03	7.32	6.69	6.95	38200
2023-07-15 00:00:00	6.91	7.01	6.84	6.9	11584
2023-07-16 00:00:00	6.9	6.92	6.58	6.59	8214
2023-07-17 00:00:00	6.61	7.26	6.46	7.16	23068
2023-07-18 00:00:00	7.18	7.29	6.81	6.91	25932
2023-07-19 00:00:00	6.89	7.04	6.78	6.91	10129
2023-07-20 00:00:00	6.91	8.48	6.88	8.35	71144
2023-07-21 00:00:00	8.38	8.81	8	8.15	46214
2023-07-22 00:00:00	8.12	8.34	7.8	7.86	24096
2023-07-23 00:00:00	7.84	8.09	7.83	7.88	7823
2023-07-24 00:00:00	7.89	7.89	7.52	7.57	16727
2023-07-25 00:00:00	7.6	7.63	7.35	7.4	14021
2023-07-26 00:00:00	7.39	7.82	7.28	7.76	10831
2023-07-27 00:00:00	7.76	8.1	7.7	7.98	15947
2023-07-28 00:00:00	7.98	8.08	7.77	7.79	6418
2023-07-29 00:00:00	7.77	7.88	7.73	7.85	11886
2023-07-30 00:00:00	7.85	7.85	7.4	7.58	11419
2023-07-31 00:00:00	7.57	7.7	7.45	7.54	8437
2023-08-01 00:00:00	7.55	7.64	7.34	7.64	9804
2023-08-02 00:00:00	7.63	7.7	7.34	7.35	9823
2023-08-03 00:00:00	7.34	7.39	7.09	7.14	13646
2023-08-04 00:00:00	7.14	7.26	7.03	7.14	3581
2023-08-05 00:00:00	7.15	7.24	7.11	7.24	4025
2023-08-06 00:00:00	7.24	7.27	7.09	7.11	4902
2023-08-07 00:00:00	7.1	7.39	6.96	7.32	7833
2023-08-08 00:00:00	7.3	7.52	7.3	7.45	18110
2023-08-09 00:00:00	7.47	7.91	7.38	7.69	11936
2023-08-10 00:00:00	7.7	7.72	7.57	7.61	5123
2023-08-11 00:00:00	7.63	7.64	7.4	7.49	8446
2023-08-12 00:00:00	7.48	7.53	7.39	7.44	2204
2023-08-13 00:00:00	7.44	7.55	7.33	7.37	14609
2023-08-14 00:00:00	7.36	7.63	7.32	7.45	5405
2023-08-15 00:00:00	7.41	7.45	6.98	7.04	9628
2023-08-16 00:00:00	7.06	7.07	6.61	6.76	13609
2023-08-17 00:00:00	6.76	6.86	6.1	6.19	21790
2023-08-18 00:00:00	6.18	6.28	6.08	6.16	7849
2023-08-19 00:00:00	6.17	6.26	6.12	6.18	6756
2023-08-20 00:00:00	6.18	6.23	6.12	6.22	2336
2023-08-21 00:00:00	6.22	6.25	6.03	6.2	4789
2023-08-22 00:00:00	6.17	6.25	5.89	6.1	9364
2023-08-23 00:00:00	6.13	6.43	6.1	6.35	13111
2023-08-24 00:00:00	6.36	6.36	5.99	6.09	5703
2023-08-25 00:00:00	6.08	6.09	5.92	6.02	4184
2023-08-26 00:00:00	6.01	6.04	5.96	6	2295
2023-08-27 00:00:00	6.01	6.04	5.96	6.02	1362
2023-08-28 00:00:00	6.01	6.04	5.86	5.98	3722
2023-08-29 00:00:00	5.98	6.32	5.86	6.19	7148
2023-08-30 00:00:00	6.2	6.2	5.89	5.93	3766
2023-08-31 00:00:00	5.93	6.05	5.74	5.88	4800
2023-09-01 00:00:00	5.88	6.03	5.83	5.93	9644
2023-09-02 00:00:00	5.94	5.99	5.9	5.97	1290
2023-09-03 00:00:00	5.97	6.05	5.96	6.03	3715
2023-09-04 00:00:00	6.03	6.16	5.95	6.02	5729
2023-09-05 00:00:00	6	6.15	5.91	6.15	4471
2023-09-06 00:00:00	6.14	6.34	6.1	6.3	8090
2023-09-07 00:00:00	6.3	6.46	6.2	6.39	10902
2023-09-08 00:00:00	6.37	6.39	6.16	6.28	3566
2023-09-09 00:00:00	6.26	6.29	6.16	6.17	1368
2023-09-10 00:00:00	6.17	6.17	5.96	6.02	8155
2023-09-11 00:00:00	6.02	6.04	5.81	5.89	3229